-- MySQL dump adapted for e-museu Laravel migrations (2026_03_29_*) + i18n (*_translations, languages) + locations.
-- Generated by scripts/build_i18n_emuseu_dump.php from the legacy dump.
-- locations.id: 1=INDEF (Undefined), 2=UTFPR, 3=UNCEN (Unicentro). items.identification_code format: {id}_{location.code}_{nameLetters}_{yy} (see App\Support\Catalog\ItemIdentificationCode).

SET NAMES utf8mb4;
SET FOREIGN_KEY_CHECKS=0;
SET SQL_MODE='NO_AUTO_VALUE_ON_ZERO';

DROP TABLE IF EXISTS `migrations`;
DROP TABLE IF EXISTS `locks`;
DROP TABLE IF EXISTS `item_component`;
DROP TABLE IF EXISTS `item_tag`;
DROP TABLE IF EXISTS `extra_translations`;
DROP TABLE IF EXISTS `extras`;
DROP TABLE IF EXISTS `tag_translations`;
DROP TABLE IF EXISTS `tags`;
DROP TABLE IF EXISTS `item_translations`;
DROP TABLE IF EXISTS `item_images`;
DROP TABLE IF EXISTS `items`;
DROP TABLE IF EXISTS `locations`;
DROP TABLE IF EXISTS `tag_category_translations`;
DROP TABLE IF EXISTS `tag_categories`;
DROP TABLE IF EXISTS `item_category_translations`;
DROP TABLE IF EXISTS `item_categories`;
DROP TABLE IF EXISTS `collaborators`;
DROP TABLE IF EXISTS `languages`;
DROP TABLE IF EXISTS `admins`;
CREATE TABLE `admins` (
  `id` bigint unsigned NOT NULL AUTO_INCREMENT,
  `username` varchar(255) NOT NULL,
  `password` varchar(255) NOT NULL,
  `created_at` timestamp NULL DEFAULT NULL,
  `updated_at` timestamp NULL DEFAULT NULL,
  PRIMARY KEY (`id`)
) ENGINE=InnoDB DEFAULT CHARSET=utf8mb4 COLLATE=utf8mb4_unicode_ci;

INSERT INTO `admins` VALUES (1,'adminemuseu','$2y$12$MM4B730U1rbrWdHH5BMl8Odd0ncwX9BpcwfAwec1DnoBE41vUclOS','2024-06-27 15:01:05','2024-06-27 15:01:05'),(3,'adminunicentro','$2y$12$79ztUgqLExresJ3LTNoC2ebc/H.jxZs2U4lyLJSDQ9zEGzUmqd7.e','2024-06-28 16:29:57','2024-06-28 16:29:57'),(4,'admintecnolixo','$2y$12$2TU21ovMo4YBDvNB.mlU4u6AKTuju9RaeZVGaWZq1Doh.QEOxTVOi','2025-04-22 11:45:29','2025-04-22 11:45:29'),(5,'vinicius','$2y$12$gfpPwCzqg8s8ysX6KsneqeAjEdNjkQKDBcNvmAt/yfcdrtBF4S.0O','2025-07-09 20:31:29','2025-07-09 20:31:29');

CREATE TABLE `languages` (
  `id` bigint unsigned NOT NULL AUTO_INCREMENT,
  `code` varchar(32) NOT NULL,
  `name` varchar(255) DEFAULT NULL,
  `created_at` timestamp NULL DEFAULT NULL,
  `updated_at` timestamp NULL DEFAULT NULL,
  PRIMARY KEY (`id`),
  UNIQUE KEY `languages_code_unique` (`code`)
) ENGINE=InnoDB DEFAULT CHARSET=utf8mb4 COLLATE=utf8mb4_unicode_ci;

INSERT INTO `languages` VALUES
(1,'universal','Universal','2026-03-29 18:58:05','2026-03-29 18:58:05'),
(2,'pt_BR','Português (Brasil)','2026-03-29 18:58:05','2026-03-29 18:58:05'),
(3,'en','English','2026-03-29 18:58:05','2026-03-29 18:58:05');

CREATE TABLE `collaborators` (
  `id` bigint unsigned NOT NULL AUTO_INCREMENT,
  `full_name` varchar(255) NOT NULL,
  `email` varchar(255) NOT NULL,
  `role` enum('internal','external') NOT NULL DEFAULT 'external',
  `blocked` tinyint(1) NOT NULL DEFAULT '0',
  `last_email_verification_at` timestamp NULL DEFAULT NULL,
  `created_at` timestamp NULL DEFAULT NULL,
  `updated_at` timestamp NULL DEFAULT NULL,
  PRIMARY KEY (`id`),
  UNIQUE KEY `collaborators_email_unique` (`email`)
) ENGINE=InnoDB DEFAULT CHARSET=utf8mb4 COLLATE=utf8mb4_unicode_ci;

INSERT INTO `collaborators` VALUES (2,'Sediane Carmem Lunardi Hernandes','sediane@gmail.com','external',0,'2024-06-27 19:06:00','2024-06-27 19:06:00','2024-06-28 02:46:43'),(3,'Unicentro','temp@gmail.com','internal',0,'2024-06-28 02:17:13','2024-06-28 02:17:13','2024-06-28 02:46:07'),(6,'UTFPR','tecno.lixo.utfpr@gmail.com','internal',0,'2024-06-28 02:23:16','2024-06-28 02:23:16','2026-03-18 15:43:48'),(9,'Felipe Lunardi Hernandes','felipe.lunardi.hernandes@gmail.com','external',0,'2025-03-09 20:34:31','2025-03-09 20:34:31','2025-03-09 20:34:31'),(10,'Sediane Carmem Lunardi Hernandes','sedianec@utfpr.edu.br','external',0,'2025-06-09 16:01:08','2025-06-09 16:01:08','2025-06-09 16:01:08');

CREATE TABLE `item_categories` (
  `id` bigint unsigned NOT NULL AUTO_INCREMENT,
  `created_at` timestamp NULL DEFAULT NULL,
  `updated_at` timestamp NULL DEFAULT NULL,
  PRIMARY KEY (`id`)
) ENGINE=InnoDB DEFAULT CHARSET=utf8mb4 COLLATE=utf8mb4_unicode_ci;

CREATE TABLE `item_category_translations` (
  `id` bigint unsigned NOT NULL AUTO_INCREMENT,
  `item_category_id` bigint unsigned NOT NULL,
  `language_id` bigint unsigned NOT NULL,
  `name` varchar(255) NOT NULL,
  `created_at` timestamp NULL DEFAULT NULL,
  `updated_at` timestamp NULL DEFAULT NULL,
  PRIMARY KEY (`id`),
  UNIQUE KEY `item_category_translations_item_category_id_language_id_unique` (`item_category_id`,`language_id`),
  KEY `item_category_translations_language_id_foreign` (`language_id`),
  CONSTRAINT `item_category_translations_item_category_id_foreign` FOREIGN KEY (`item_category_id`) REFERENCES `item_categories` (`id`) ON DELETE CASCADE,
  CONSTRAINT `item_category_translations_language_id_foreign` FOREIGN KEY (`language_id`) REFERENCES `languages` (`id`) ON DELETE CASCADE
) ENGINE=InnoDB DEFAULT CHARSET=utf8mb4 COLLATE=utf8mb4_unicode_ci;

INSERT INTO `item_categories` VALUES
(1,'2024-06-27 15:32:44','2024-06-27 15:32:44'),
(2,'2024-06-27 16:50:59','2024-06-28 02:03:22'),
(3,'2024-06-27 19:01:14','2024-06-27 19:01:14'),
(4,'2024-06-27 19:34:09','2024-06-27 19:34:09'),
(5,'2024-06-27 19:34:22','2024-06-27 19:34:22'),
(6,'2024-06-27 19:34:36','2024-06-28 02:02:46'),
(7,'2024-06-27 19:34:46','2024-06-27 19:34:46'),
(8,'2024-06-27 19:34:54','2024-06-27 19:34:54'),
(9,'2024-06-27 19:35:06','2024-06-27 19:35:06'),
(10,'2024-06-27 19:35:12','2024-06-27 19:35:12'),
(11,'2024-06-27 19:35:34','2024-06-27 19:35:34'),
(12,'2024-06-28 02:03:04','2024-06-28 02:03:04'),
(13,'2024-06-28 02:03:42','2024-06-28 02:03:42'),
(14,'2024-06-28 02:15:22','2024-06-28 02:15:22'),
(15,'2024-06-28 02:16:04','2024-06-28 02:16:04'),
(16,'2024-06-28 03:54:28','2024-06-28 03:54:28'),
(17,'2024-06-28 04:00:27','2024-06-28 04:00:27'),
(18,'2024-07-02 03:03:04','2024-07-02 03:03:04'),
(19,'2024-09-25 19:57:01','2024-09-25 19:57:01'),
(20,'2024-10-22 07:56:36','2024-10-22 07:56:36'),
(21,'2025-03-25 17:37:15','2025-03-25 17:37:15'),
(22,'2025-09-01 13:23:04','2025-09-01 13:23:04'),
(23,'2025-09-01 13:40:29','2025-09-01 13:40:29'),
(24,'2025-09-08 12:34:13','2025-09-08 12:34:13'),
(25,'2025-09-08 12:38:40','2025-09-08 12:38:40'),
(26,'2025-09-08 13:05:58','2025-09-08 13:05:58'),
(27,'2025-09-22 14:20:43','2025-09-22 14:36:43'),
(28,'2025-09-22 14:20:56','2025-09-22 14:20:56'),
(29,'2025-09-22 14:21:08','2025-09-22 14:21:08'),
(30,'2025-09-22 14:21:18','2025-09-22 14:21:18'),
(31,'2025-11-03 13:02:31','2025-11-03 13:02:31'),
(32,'2025-11-03 13:03:05','2025-11-03 13:03:05'),
(33,'2025-11-03 13:06:54','2025-11-03 13:06:54'),
(34,'2025-11-03 13:48:29','2025-11-03 13:48:29'),
(35,'2025-11-03 13:51:05','2025-11-03 13:51:05');

INSERT INTO `item_category_translations` VALUES
(1,1,2,'Teclado','2024-06-27 15:32:44','2024-06-27 15:32:44'),
(2,2,2,'Computador de Mesa','2024-06-27 16:50:59','2024-06-28 02:03:22'),
(3,3,2,'Mouse','2024-06-27 19:01:14','2024-06-27 19:01:14'),
(4,4,2,'Laptop','2024-06-27 19:34:09','2024-06-27 19:34:09'),
(5,5,2,'Memória RAM','2024-06-27 19:34:22','2024-06-27 19:34:22'),
(6,6,2,'Disco rígido','2024-06-27 19:34:36','2024-06-28 02:02:46'),
(7,7,2,'Celular','2024-06-27 19:34:46','2024-06-27 19:34:46'),
(8,8,2,'Impressora','2024-06-27 19:34:54','2024-06-27 19:34:54'),
(9,9,2,'Placa mãe','2024-06-27 19:35:06','2024-06-27 19:35:06'),
(10,10,2,'Placa de rede','2024-06-27 19:35:12','2024-06-27 19:35:12'),
(11,11,2,'Processador','2024-06-27 19:35:34','2024-06-27 19:35:34'),
(12,12,2,'Placa de Vídeo','2024-06-28 02:03:04','2024-06-28 02:03:04'),
(13,13,2,'Monitor','2024-06-28 02:03:42','2024-06-28 02:03:42'),
(14,14,2,'Video Game','2024-06-28 02:15:22','2024-06-28 02:15:22'),
(15,15,2,'Fonte','2024-06-28 02:16:04','2024-06-28 02:16:04'),
(16,16,2,'Máquina de Escrever','2024-06-28 03:54:28','2024-06-28 03:54:28'),
(17,17,2,'Leitor','2024-06-28 04:00:27','2024-06-28 04:00:27'),
(18,18,2,'Fita','2024-07-02 03:03:04','2024-07-02 03:03:04'),
(19,19,2,'Microfone','2024-09-25 19:57:01','2024-09-25 19:57:01'),
(20,20,2,'Vídeocassete','2024-10-22 07:56:36','2024-10-22 07:56:36'),
(21,21,2,'Estabilizador','2025-03-25 17:37:15','2025-03-25 17:37:15'),
(23,23,2,'Rádio','2025-09-01 13:40:29','2025-09-01 13:40:29'),
(24,24,2,'Agenda','2025-09-08 12:34:13','2025-09-08 12:34:13'),
(25,25,2,'Tablet','2025-09-08 12:38:40','2025-09-08 12:38:40'),
(26,26,2,'Notebook','2025-09-08 13:05:58','2025-09-08 13:05:58'),
(27,27,2,'Receptor de Sinal Via Satélite','2025-09-22 14:20:43','2025-09-22 14:36:43'),
(28,28,2,'Caixa de Som','2025-09-22 14:20:56','2025-09-22 14:20:56'),
(29,29,2,'Relógio Digital','2025-09-22 14:21:08','2025-09-22 14:21:08'),
(31,31,2,'Controle de Videogame','2025-11-03 13:02:31','2025-11-03 13:02:31'),
(32,32,2,'Regulador de Voltagem','2025-11-03 13:03:05','2025-11-03 13:03:05'),
(33,33,2,'GPS','2025-11-03 13:06:54','2025-11-03 13:06:54'),
(34,34,2,'Telefone','2025-11-03 13:48:29','2025-11-03 13:48:29'),
(36,1,3,'Keyboard','2024-06-27 15:32:44','2024-06-27 15:32:44'),
(37,2,3,'Desktop computer','2024-06-27 16:50:59','2024-06-28 02:03:22'),
(38,3,3,'Mouse','2024-06-27 19:01:14','2024-06-27 19:01:14'),
(39,4,3,'Laptop','2024-06-27 19:34:09','2024-06-27 19:34:09'),
(40,5,3,'RAM','2024-06-27 19:34:22','2024-06-27 19:34:22'),
(41,6,3,'Hard drive','2024-06-27 19:34:36','2024-06-28 02:02:46'),
(42,7,3,'Mobile phone','2024-06-27 19:34:46','2024-06-27 19:34:46'),
(43,8,3,'Printer','2024-06-27 19:34:54','2024-06-27 19:34:54'),
(44,9,3,'Motherboard','2024-06-27 19:35:06','2024-06-27 19:35:06'),
(45,10,3,'Network card','2024-06-27 19:35:12','2024-06-27 19:35:12'),
(46,11,3,'Processor','2024-06-27 19:35:34','2024-06-27 19:35:34'),
(47,12,3,'Graphics card','2024-06-28 02:03:04','2024-06-28 02:03:04'),
(48,13,3,'Monitor','2024-06-28 02:03:42','2024-06-28 02:03:42'),
(49,14,3,'Game console','2024-06-28 02:15:22','2024-06-28 02:15:22'),
(50,15,3,'Power supply','2024-06-28 02:16:04','2024-06-28 02:16:04'),
(51,16,3,'Typewriter','2024-06-28 03:54:28','2024-06-28 03:54:28'),
(52,17,3,'Drive','2024-06-28 04:00:27','2024-06-28 04:00:27'),
(53,18,3,'Tape','2024-07-02 03:03:04','2024-07-02 03:03:04'),
(54,19,3,'Microphone','2024-09-25 19:57:01','2024-09-25 19:57:01'),
(55,20,3,'Videocassette','2024-10-22 07:56:36','2024-10-22 07:56:36'),
(56,21,3,'Voltage stabilizer','2025-03-25 17:37:15','2025-03-25 17:37:15'),
(58,23,3,'Radio','2025-09-01 13:40:29','2025-09-01 13:40:29'),
(59,24,3,'Planner','2025-09-08 12:34:13','2025-09-08 12:34:13'),
(60,25,3,'Tablet','2025-09-08 12:38:40','2025-09-08 12:38:40'),
(61,26,3,'Laptop','2025-09-08 13:05:58','2025-09-08 13:05:58'),
(62,27,3,'Satellite receiver','2025-09-22 14:20:43','2025-09-22 14:36:43'),
(63,28,3,'Speaker','2025-09-22 14:20:56','2025-09-22 14:20:56'),
(64,29,3,'Digital clock','2025-09-22 14:21:08','2025-09-22 14:21:08'),
(66,31,3,'Game controller','2025-11-03 13:02:31','2025-11-03 13:02:31'),
(67,32,3,'Voltage regulator','2025-11-03 13:03:05','2025-11-03 13:03:05'),
(68,33,3,'GPS','2025-11-03 13:06:54','2025-11-03 13:06:54'),
(69,34,3,'Telephone','2025-11-03 13:48:29','2025-11-03 13:48:29'),
(71,35,1,'TV','2025-11-03 13:51:05','2025-11-03 13:51:05'),
(72,22,1,'MP3','2025-09-01 13:23:04','2025-09-01 13:23:04'),
(73,30,1,'Modem','2025-09-22 14:21:18','2025-09-22 14:21:18');

CREATE TABLE `tag_categories` (
  `id` bigint unsigned NOT NULL AUTO_INCREMENT,
  `created_at` timestamp NULL DEFAULT NULL,
  `updated_at` timestamp NULL DEFAULT NULL,
  PRIMARY KEY (`id`)
) ENGINE=InnoDB DEFAULT CHARSET=utf8mb4 COLLATE=utf8mb4_unicode_ci;

CREATE TABLE `tag_category_translations` (
  `id` bigint unsigned NOT NULL AUTO_INCREMENT,
  `tag_category_id` bigint unsigned NOT NULL,
  `language_id` bigint unsigned NOT NULL,
  `name` varchar(255) NOT NULL,
  `created_at` timestamp NULL DEFAULT NULL,
  `updated_at` timestamp NULL DEFAULT NULL,
  PRIMARY KEY (`id`),
  UNIQUE KEY `tag_category_translations_tag_category_id_language_id_unique` (`tag_category_id`,`language_id`),
  KEY `tag_category_translations_language_id_foreign` (`language_id`),
  CONSTRAINT `tag_category_translations_tag_category_id_foreign` FOREIGN KEY (`tag_category_id`) REFERENCES `tag_categories` (`id`) ON DELETE CASCADE,
  CONSTRAINT `tag_category_translations_language_id_foreign` FOREIGN KEY (`language_id`) REFERENCES `languages` (`id`) ON DELETE CASCADE
) ENGINE=InnoDB DEFAULT CHARSET=utf8mb4 COLLATE=utf8mb4_unicode_ci;

INSERT INTO `tag_categories` VALUES
(1,'2024-06-27 19:39:35','2024-06-27 19:39:35'),
(2,'2024-06-27 19:39:46','2024-06-28 16:47:49');

INSERT INTO `tag_category_translations` VALUES
(1,1,2,'Marca','2024-06-27 19:39:35','2024-06-27 19:39:35'),
(2,2,2,'Série','2024-06-27 19:39:46','2024-06-28 16:47:49'),
(3,1,3,'Brand','2024-06-27 19:39:35','2024-06-27 19:39:35'),
(4,2,3,'Series','2024-06-27 19:39:46','2024-06-28 16:47:49');

CREATE TABLE `locations` (
  `id` bigint unsigned NOT NULL AUTO_INCREMENT,
  `name` varchar(255) NOT NULL,
  `code` varchar(5) NOT NULL,
  `created_at` timestamp NULL DEFAULT NULL,
  `updated_at` timestamp NULL DEFAULT NULL,
  PRIMARY KEY (`id`),
  UNIQUE KEY `locations_code_unique` (`code`)
) ENGINE=InnoDB AUTO_INCREMENT=4 DEFAULT CHARSET=utf8mb4 COLLATE=utf8mb4_unicode_ci;

INSERT INTO `locations` VALUES
(1,'Undefined','INDEF','2026-03-29 18:58:05','2026-03-29 18:58:05'),
(2,'UTFPR','UTFPR','2026-03-29 18:58:05','2026-03-29 18:58:05'),
(3,'Unicentro','UNCEN','2026-03-29 18:58:05','2026-03-29 18:58:05');

CREATE TABLE `items` (
  `id` bigint unsigned NOT NULL AUTO_INCREMENT,
  `date` date DEFAULT NULL,
  `identification_code` varchar(255) NOT NULL,
  `validation` tinyint(1) NOT NULL DEFAULT '0',
  `category_id` bigint unsigned DEFAULT NULL,
  `collaborator_id` bigint unsigned DEFAULT NULL,
  `location_id` bigint unsigned NOT NULL,
  `created_at` timestamp NULL DEFAULT NULL,
  `updated_at` timestamp NULL DEFAULT NULL,
  PRIMARY KEY (`id`),
  KEY `items_category_id_foreign` (`category_id`),
  KEY `items_collaborator_id_foreign` (`collaborator_id`),
  KEY `items_location_id_foreign` (`location_id`),
  CONSTRAINT `items_category_id_foreign` FOREIGN KEY (`category_id`) REFERENCES `item_categories` (`id`) ON DELETE SET NULL,
  CONSTRAINT `items_collaborator_id_foreign` FOREIGN KEY (`collaborator_id`) REFERENCES `collaborators` (`id`) ON DELETE SET NULL,
  CONSTRAINT `items_location_id_foreign` FOREIGN KEY (`location_id`) REFERENCES `locations` (`id`)
) ENGINE=InnoDB DEFAULT CHARSET=utf8mb4 COLLATE=utf8mb4_unicode_ci;

CREATE TABLE `item_translations` (
  `id` bigint unsigned NOT NULL AUTO_INCREMENT,
  `item_id` bigint unsigned NOT NULL,
  `language_id` bigint unsigned NOT NULL,
  `name` varchar(255) NOT NULL,
  `description` text NOT NULL,
  `history` text,
  `detail` text,
  `created_at` timestamp NULL DEFAULT NULL,
  `updated_at` timestamp NULL DEFAULT NULL,
  PRIMARY KEY (`id`),
  UNIQUE KEY `item_translations_item_id_language_id_unique` (`item_id`,`language_id`),
  KEY `item_translations_language_id_foreign` (`language_id`),
  CONSTRAINT `item_translations_item_id_foreign` FOREIGN KEY (`item_id`) REFERENCES `items` (`id`) ON DELETE CASCADE,
  CONSTRAINT `item_translations_language_id_foreign` FOREIGN KEY (`language_id`) REFERENCES `languages` (`id`) ON DELETE CASCADE
) ENGINE=InnoDB DEFAULT CHARSET=utf8mb4 COLLATE=utf8mb4_unicode_ci;

INSERT INTO `items` VALUES
(9,'1999-01-01','9_UTFPR_TEP3_24',1,1,6,2,'2024-06-28 03:35:31','2024-06-28 03:45:07'),
(10,'0001-01-01','10_UTFPR_HDPC_24',1,6,6,2,'2024-06-28 03:40:55','2024-06-28 03:40:55'),
(11,'0001-01-01','11_UTFPR_PLR2_24',1,9,6,2,'2024-06-28 03:50:40','2024-06-28 03:50:40'),
(12,'0001-01-01','12_UNCEN_MATI_24',1,16,3,3,'2024-06-28 03:55:17','2024-06-28 03:55:17'),
(13,'1984-01-01','13_UNCEN_MABM_24',1,16,3,3,'2024-06-28 03:57:35','2024-06-28 03:57:35'),
(14,'0001-01-01','14_UNCEN_IMMA_24',1,8,3,3,'2024-06-28 03:59:27','2024-06-28 03:59:27'),
(15,'0001-01-01','15_UNCEN_LEIC_24',1,17,3,3,'2024-06-28 04:01:00','2024-06-28 04:01:00'),
(16,'0001-01-01','16_UNCEN_LECO_24',1,17,3,3,'2024-06-28 04:02:02','2024-06-28 04:02:02'),
(17,'2014-09-01','17_UNCEN_MO80_24',1,3,3,3,'2024-06-28 04:09:44','2024-06-28 04:09:44'),
(19,'2007-01-01','19_UTFPR_IMAL_24',1,8,6,2,'2024-07-02 02:43:36','2024-07-02 02:43:54'),
(20,'0001-01-01','20_UTFPR_PLR2_24',0,9,6,2,'2024-07-02 02:54:24','2024-07-02 02:54:24'),
(21,'2011-01-01','21_UTFPR_CE6L_24',1,7,6,2,'2024-07-02 02:59:05','2024-07-02 02:59:05'),
(22,'0001-01-01','22_UTFPR_FISF_24',1,18,6,2,'2024-07-02 03:03:53','2024-07-02 03:03:53'),
(23,'0001-01-01','23_UTFPR_PLS1_24',1,9,6,2,'2024-07-02 03:14:32','2024-07-02 03:14:32'),
(24,'0001-01-01','24_UTFPR_PLTS_24',1,12,6,2,'2024-07-02 03:18:58','2024-07-02 03:18:58'),
(25,'0001-01-01','25_UTFPR_PL25_24',1,10,6,2,'2024-07-02 03:24:20','2024-07-02 03:24:20'),
(26,'0001-01-01','26_UTFPR_FO70_24',1,15,6,2,'2024-07-02 03:27:21','2024-07-02 03:27:21'),
(27,'0001-01-01','27_UTFPR_PRVU_24',0,11,6,2,'2024-07-08 03:50:55','2024-07-08 04:13:39'),
(28,'2007-01-01','28_UTFPR_PR15_24',1,11,6,2,'2024-07-08 03:52:15','2024-07-08 03:52:15'),
(29,'2013-01-01','29_UTFPR_PRHZ_24',1,11,6,2,'2024-07-08 03:54:34','2024-07-08 03:54:34'),
(30,'2012-01-01','30_UTFPR_PR65_24',1,11,6,2,'2024-07-08 03:55:47','2024-07-08 04:11:48'),
(31,'0001-01-01','31_UTFPR_PRHZ_24',0,11,6,2,'2024-07-08 03:56:53','2024-07-08 04:13:59'),
(32,'2025-11-03','32_UTFPR_VI00_24',1,20,6,2,'2024-10-22 08:22:54','2025-11-03 13:45:12'),
(34,'2010-01-09','34_INDEF_NORE_25',1,4,9,1,'2025-03-09 20:34:31','2025-03-17 16:38:53'),
(37,'2025-06-11','37_UTFPR_SA00_25',1,7,6,2,'2025-06-18 15:07:32','2025-06-18 16:33:07'),
(38,'2025-06-18','38_UTFPR_LG50_25',1,7,6,2,'2025-06-18 15:45:36','2025-06-18 15:45:36'),
(39,'2025-06-18','39_UTFPR_MIAN_25',1,7,6,2,'2025-06-18 15:50:43','2025-06-18 15:56:01'),
(40,'2025-06-18','40_UTFPR_SAIP_25',1,7,6,2,'2025-06-18 16:32:31','2025-06-18 16:32:31'),
(41,'2025-06-18','41_UTFPR_MIAR_25',1,7,6,2,'2025-06-18 17:50:34','2025-06-18 17:50:34'),
(42,'2025-06-25','42_UTFPR_IPGS_25',1,7,6,2,'2025-06-25 16:23:08','2025-06-25 16:23:08'),
(43,'2025-06-25','43_UTFPR_FA71_25',1,7,6,2,'2025-06-25 16:43:27','2025-06-25 16:43:27'),
(44,'2025-06-25','44_UTFPR_BL6T_25',1,7,6,2,'2025-09-01 12:46:40','2025-09-01 12:47:23'),
(45,'2025-07-02','45_UTFPR_NORM_25',1,7,6,2,'2025-09-01 12:51:21','2025-09-01 12:51:21'),
(46,'2025-07-02','46_UTFPR_NOX1_25',1,7,6,2,'2025-09-01 12:55:59','2025-09-01 12:55:59'),
(47,'2025-06-25','47_UTFPR_SA12_25',1,7,6,2,'2025-09-01 13:04:14','2025-09-01 13:04:14'),
(48,'2025-06-25','48_UTFPR_SAOA_25',1,7,6,2,'2025-09-01 13:14:14','2025-09-01 13:14:14'),
(49,'2025-06-25','49_UTFPR_SEVO_25',1,7,6,2,'2025-09-01 13:17:24','2025-09-01 13:17:24'),
(50,'2025-07-02','50_UTFPR_FO66_25',1,22,6,2,'2025-09-01 13:22:54','2025-09-01 13:23:34'),
(51,'2025-07-02','51_UTFPR_MPAR_25',1,22,6,2,'2025-09-01 13:28:20','2025-09-01 13:28:20'),
(52,'2025-09-01','52_UTFPR_MO03_25',1,23,6,2,'2025-09-01 13:46:08','2025-09-01 13:46:08'),
(53,'2025-09-01','53_UTFPR_PH60_25',1,23,6,2,'2025-09-01 13:47:44','2025-09-01 13:47:44'),
(54,'2025-09-08','54_UTFPR_AGIO_25',1,24,6,2,'2025-09-08 13:02:48','2025-09-08 13:02:48'),
(55,'2025-09-08','55_UTFPR_TO05_25',1,26,6,2,'2025-09-08 13:05:47','2025-09-08 13:06:27'),
(56,'2025-09-08','56_UTFPR_TO20_25',1,26,6,2,'2025-09-08 13:19:18','2025-09-08 13:19:18'),
(57,'2025-09-08','57_UTFPR_TO43_25',1,26,6,2,'2025-09-08 13:23:45','2025-09-08 13:23:45'),
(58,'2025-09-08','58_UTFPR_MO4G_25',1,25,6,2,'2025-09-08 13:50:15','2025-09-08 13:50:15'),
(59,'2025-09-22','59_UTFPR_RE00_25',1,27,6,2,'2025-09-22 14:23:04','2025-09-22 14:23:04'),
(60,'2025-09-22','60_UTFPR_CATE_25',1,28,6,2,'2025-09-22 14:25:41','2025-09-22 14:25:41'),
(61,'2025-09-22','61_UTFPR_REMA_25',1,29,6,2,'2025-09-22 14:27:29','2025-09-22 14:27:29'),
(62,'2025-09-22','62_UTFPR_MOSS_25',1,30,6,2,'2025-09-22 14:33:07','2025-09-22 14:33:07'),
(63,'2025-09-22','63_UTFPR_SMAX_25',1,29,6,2,'2025-09-22 14:34:16','2025-09-22 14:34:16'),
(64,'2025-10-06','64_UTFPR_CO2U_25',1,31,6,2,'2025-11-03 13:05:09','2025-11-03 13:05:09'),
(65,'2025-10-06','65_UTFPR_GPUS_25',1,33,6,2,'2025-11-03 13:07:47','2025-11-03 13:08:08'),
(66,'2025-10-06','66_UTFPR_TEES_25',1,1,6,2,'2025-11-03 13:12:32','2025-11-03 13:12:32'),
(67,'2025-10-06','67_UTFPR_RE60_25',1,32,6,2,'2025-11-03 13:13:47','2025-11-03 13:13:47'),
(68,'2025-11-03','68_UTFPR_TE00_25',1,1,6,2,'2025-11-03 13:46:39','2025-11-03 13:46:39'),
(69,'2025-11-03','69_UTFPR_TE00_25',1,34,6,2,'2025-11-03 13:48:14','2025-11-03 13:48:47'),
(70,'2025-11-03','70_UTFPR_GPND_25',1,33,6,2,'2025-11-03 13:49:43','2025-11-03 13:49:43'),
(71,'2025-11-03','71_UTFPR_TE32_25',1,35,6,2,'2025-11-03 13:50:48','2025-11-03 13:51:16');
INSERT INTO `item_translations` VALUES
(1,9,2,'Teclado Satellite AK – XP3','Teclado Satellite AK – XP3 preto com detalhes azuis e prata.',NULL,'Marca: Satellite\r\nLinha: AK\r\nModelo: CP3\r\nTipo: Teclado\r\nAno: 1999\r\nCor: Preto com detalhes azuis e prata\r\nTeclas de atalho: 108 / 30 / 12 para Skype, internet, media player, outlook, pesquisa, favoritos(internet explorer), calculadora, meu computador, minimizar janela, word, excel, controle de música, fechar aba, etc. Podendo mudar a função do teclado para multimídia via drive.\r\nComprimento do cabo: 1,50 m\r\nDimensões: 50,5 x 24 x 3,6 cm\r\nPeso: 1k\r\nConexão: PS/2, USB\r\nSoftware: Windows (95, 98, 200, ME, XP)','2024-06-28 03:35:31','2024-06-28 03:45:07'),
(2,10,2,'HD Western Digital (WD blue) 500gb 72200 rpm PC','Disco Rígido da Western Digital com capacidade de 500GB.',NULL,'Modelo: WD5000AAkx\r\nTipo: HD\r\nUso: Armazenamento de dados\r\nCor: Prateado\r\nTecnologia: 3D NAND\r\nTecnologia de Armazenamento: HDD\r\nInterface: SATA III\r\nTipo de disco rígido e SSD externo: HDD\r\nTamanho 3.5″\r\nTemperatura: 0 º C – 60 º C\r\nVelocidade de Rotação 7200 rpm\r\n3D NAND: Sim\r\nDimensões: 101.6 x 147 x 25.4 mm\r\nPeso: 490.7 g\r\nCapacidade: 500 GB\r\nDados de cache: 16 MB\r\nSistemas: Windows (7, 8.1, 10 PC)\r\nConsumo Energético: 0.9 W espera em sessão,  5.6 W inativo e 6 W escrita e leitura','2024-06-28 03:40:55','2024-06-28 03:40:55'),
(3,11,2,'Placa-Mãe MSI MS – 7309 LGA AM2 DDR2','Placa Mãe MSI vermelho para CPU AMD Athlon 64 / Athlon 64X2.',NULL,'Marca: MSI\r\nLinha: ms-7309\r\nModelo: 7309\r\nVersão: 1.3\r\nTipo: Placa-mãe\r\nFabricação: Polo industrial de Manaus\r\nUso: PC\r\nCor: Vermelha\r\nPlataforma AMD\r\nChipsets: MCP61\r\nSocket: AM2\r\nSlot de Expansão: sim\r\nAplicações: PC\r\nCPU AM2 para CPU AMD Athlon 64 / Athlon 64X2\r\nAM2+ para CPU AMD Phenom\r\nChipset: NVIDIA GeForce 6100 nForce 430 (MCP61 P/S/V)\r\nMemória: DDR2, RAM: 4 GB','2024-06-28 03:50:40','2024-06-28 03:50:40'),
(4,12,2,'Máquina de escrever Olivetti','Máquina de Escrever OLIVETTI LINEA 98',NULL,'Fabricada pela empresa Olivetii em 1971.\r\nCARACTERÍSTICAS DO PRODUTO:\r\n-Padrão máquina de escrever manual.\r\n-Teclado: 46 teclas, correspondentes a 92 sinais.\r\n-Tape: altura da tela 13 mm; mudança de cor do seletor de fita para a direita acima do teclado.\r\n-Tab: Decimal com oito botões (a versão com tabulação).\r\n-Caminhões: quatro carruagens disponíveis com 127, 147.175 e 272 espaços.\r\n-Quatro posições zero, botão embreagem localizada no lado esquerdo.\r\n-Carroçaria: Metal para as primeiras versões, de plástico a próxima cabeça removível.\r\n-Cor: prata, cinza escuro, cinza claro.\r\n-Design: Mario Bellini.\r\n-Notas: modelo produzido pela Ing C. Olivetti & C. na Itália e depois no Brasil.\r\n-Foi produzido 1971-1995 com diferenças mecânicas e estéticas menores.\r\n-As principais características das três versões são:\r\nLinha 98 A versão: carroçaria de metal de prata; Cavaletes automáticos, (produzidos na Itália);\r\nLinha 98 II versão: carroçaria de metal cinza escuro; Cavaletes automáticos, (produzidos na Itália);\r\nLinha 98 III versão: carroçaria de metal ou de luz de plástico cinza; Cavaletes visíveis.','2024-06-28 03:55:17','2024-06-28 03:55:17'),
(5,13,2,'Maquina de escrever IBM','Máquina de escrever IBM 6746',NULL,'Para manusear o papel, o plater é controlado.\r\nFabricado em 1984 pela IBM\r\nO teclado é um teclado de membrana selada que oferece ao operador ajustes de ângulo de 8, 12 e 16 graus.\r\nUm teclado de idioma duplo.\r\nOs movimentos do papel são controlados pelas chaves de retorno de papel para cima e para baixo e transportadoras.\r\nCARACTERÍSTICAS:\r\n-Pitch: 10, 12 e 15 caracteres por polegada.\r\n-Correção automática de 72 caracteres.\r\n-Inserção de papel semiautomática.\r\n-Meio espaço para trás.\r\n-Sublinhado automático.\r\n-Centralização automática.\r\n-Capuz de som.\r\n-A velocidade de rajada é de 16 caracteres/segundos em 10 pitch.\r\n-7,1 kbytes de memória (RAM).\r\n-Bateria de backup (substituível).\r\n-Buffer de caracteres de 256 bytes para correção de erros.','2024-06-28 03:57:35','2024-06-28 03:57:35'),
(6,14,2,'Impressora Rima','Impressora RIMA XT 250',NULL,'Fabricante: Rima. Frequência: 60Hz. Potência: 120W.\r\nVoltagem: 110V faixa entre 90 ~ 140V - 2,0A e 220V faixa entre 180 ~ 240V 1,0A.\r\n-Impressora serial de impacto com matriz de pontos. 250 cps – 136 Colunas.\r\nMáx. Largura de formulário: 16 polegadas.\r\nPeso: 14 Kg.\r\n-Avanço de papel e movimentação do carro através de motores de passo de alta performance.\r\nAjuste da distância da cabeça do papel.\r\nAuto compensação de folgas mecânicas.\r\nVida útil da cabeça de impressão: 300 x 10.6 caracteres.\r\nExecução de rotina de auto-teste mediante acionamento pelo teclado.\r\nResposta auditiva às operações do teclado.\r\nAlarmes sonoros indicativos de falha.\r\nAjuste de linha através de controle eletrônico (ajuste fino).\r\nDetecção de fim de papel por sensor ótico com indicação através de alarme sonoro, visual e sinal na linha.\r\nMemória alimentada por bateria.\r\nCompensação de flutuação de alimentação.','2024-06-28 03:59:27','2024-06-28 03:59:27'),
(7,15,2,'Leitor VHS Panasonic','Leitor VHS Panasonic NV-MV40.',NULL,'Video cassete VHS Panasonic 5 Cabeças - Jet Navigator\r\nModelo : NV-MV40\r\nLinha: VCR/ SUPER DRIVE 5 CABEÇAS MONO VHS AUTO NTSC-PAL-M','2024-06-28 04:01:00','2024-06-28 04:01:00'),
(8,16,2,'Leitor DVD Philco','Leitor DVD Philco DV-PIX20.',NULL,'Tipo de leitor: DVD\r\n\r\nSistema de vídeo: NTSC\r\n\r\nFormato de disco: DVD-R/RW/ DVD+R/RW SVCD/ VCD/ CD-DA / PLAYER COM KARAOKE, CD\r\n\r\nConversão de vídeo: Progressive Scan\r\n\r\nSaídas de vídeo: Composto, S-Video\r\n\r\nSaídas de áudio: Analógica estéreo (RCA)\r\n\r\nRecursos adicionais: Leitura de MP3, zoom digital, multi ângulo, legendas','2024-06-28 04:02:02','2024-06-28 04:02:02'),
(9,17,2,'Mouse sem fio Logitech M280','Mouse sem fio com corpo emborrachado e design assimétrico ergonômico para usuários destros.',NULL,'Modelo: Logitech M280\r\n\r\nCores:\r\nCinza : 910-004285\r\nPreto : 910-004284\r\nVermelho : 910-004286\r\n\r\nDimensões:\r\n\r\nMouse:\r\nAltura: 105,4 mm\r\nLargura: 67,9 mm\r\nProfundidade: 38,4 mm\r\nPeso (com pilha): 91,0 g\r\n\r\nReceptor USB 2.0:\r\nAltura: 23,1 mm\r\nLargura: 18,7 mm\r\nProfundidade: 6,1 mm\r\nPeso: 1,8 g\r\n\r\nSensor: Logitech Advanced Optical Tracking\r\nDPI: 1000\r\n\r\nBateria: 1 pilha AA\r\n\r\nQuantidade de botões: 3\r\n\r\nConexão: conexão sem fio de 2,4 GHz\r\nAlcance: 10 m\r\n\r\nDesign para destros.','2024-06-28 04:09:44','2024-06-28 04:09:44'),
(10,19,2,'Impressora Matricial Epson Lx-300+ii Usb Serial','Impressora Matricial Epson de 2007.',NULL,'Marca: Epson\r\nLinha: LX Series\r\nModelo: LX-300+II\r\nModelo Alfanumérico: P170B\r\nTipo: Impressora\r\nAno: 2007\r\nUso: Impressão\r\nCor: Cinza escuro\r\nCom Wi-Fi: Não\r\nFolhas: Soltas\r\nMemória: 64 kB\r\nUSB: versão 1.1\r\nAgulhas: 9\r\nColunas: 80\r\nResolução: 240 x 14 ppp (máximo)\r\nNível de ruído: aproximadamente 49db\r\nDimensões: 366 x 275 x 159 mm\r\nPeso: 4,4 kg\r\nCaracterísticas Elétricas:\r\n- Energia: 120 V\r\n- Consumo: 23 W\r\nSistemas compatíveis: Windows (2000, 7, 8, 98, XP)\r\nTemperatura: 10% - 80% (em operação), 5 ºC – 35 ºC (armazenamento)','2024-07-02 02:43:36','2024-07-02 02:43:54'),
(11,20,2,'Placa-mãe Gigabyte Ga-vm900m 775 Ddr2','Placa-mãe Gigabyte Ga-vm900m 775 Ddr2 com suporte a processador Intel Core 2 Duo.',NULL,'Marca: VIA Tech\r\nLinha: Gigabyte\r\nModelo: GA-VM900M\r\nVersão: 1.0\r\nTipo: Placa-mãe\r\nFabricação: Polo industrial de Manaus\r\nUso: PC\r\nCor: Azul\r\nSlots expansão: Sim\r\nPortas SATAS: 2\r\nAplicações: PC\r\n\r\nCPU:\r\n- LGA775\r\n- Suporta processador Intel Core 2 Duo/\r\n- Pentium\r\n- Suporta FSB 1066/800/533 MHz\r\n\r\nChipset:\r\n- Northbridge: Chipset VIA P4M900\r\n- SouthBridge: Chipset VIA 8237A\r\n- Realtek 820CL (10/100 PHY)\r\n- Codec de áudio HD VIA 178A\r\n\r\nMemória:\r\n- 2 slots de memória DIMM (suporta até 4 GB)\r\n-  DIMM DDR de 1,8 V\r\n-  DDR2 667/533/400 DIMM','2024-07-02 02:54:24','2024-07-02 02:54:24'),
(12,21,2,'Celular Samsung GT-E1086L','Celular Samsung GT-E1086L de 2011.',NULL,'Marca: Samsung\r\nModelo: GT-E1086L\r\nTipo: Celular\r\nAno: 2011\r\nUso: Comunicação\r\nCor: Preto e vermelho\r\nSSN: -E1086LGSMH\r\nDual SIM: Não\r\nRádio: U-Track\r\nAntena Interna para Rádio: Sim\r\nRastreio: Por SMS com sistema SOS Message\r\nCom IMEI: Sim\r\nCâmera Fotográfica: Não\r\nPeso: 65 g\r\nCaracterística de Memória:\r\nMemória Interna: 200 KB\r\nMemória RAM: 200 KB\r\n\r\nCaracterística de Tela:\r\n- Tela: 1,4 polegadas\r\n- Resolução: 148 x 148 pixels\r\n\r\nCaracterísticas de Conectividade:\r\n- Conectividade 3G: Não\r\n- Conectividade Wi-Fi: Não\r\n- Conectividade BlueTooth: Não\r\n\r\nCaracterística de Energia:\r\n- Alimentação: 3,7 V\r\n- Modelo da Bateria: AB463446BU\r\n- Identificação: 3.7V Li-ion BATTERY 2.96 Wh\r\n- Bateria: Lítio\r\n- Amperagem da Bateria: 800mAh\r\n- Carregador Modelo: ETA3S30BB','2024-07-02 02:59:05','2024-07-02 02:59:05'),
(13,22,2,'Fita K7 (cassete) para áudio da BASF.','Fita K7 (cassete) para áudio da BASF.',NULL,'Marca: Basf\r\nModelo: FS\r\nTipo: Fita\r\nUso: Áudio\r\nCor: Transparente\r\nTempo de fita: 60 min\r\nRegravável: Sim\r\nFita Virgem: não','2024-07-02 03:03:53','2024-07-02 03:03:53'),
(14,23,2,'Placa-mãe LGA 1150 Gigabyte GA-H81M-S1','Placa-mãe LGA 1150 Gigabyte GA-H81M-S1 DDR3 com suporte a processadores Intel.',NULL,'Marca: Gigabyte\r\nFabricante: Gigabyte\r\nModelo: GA-H81M-S1\r\nVersão: Rev.: 2.1\r\nTipo: Placa-mãe\r\nFabricação: Polo industrial de Manaus\r\nUso: PC\r\nCor: Preta\r\nPlataforma: Intel\r\nMemória: DDR3\r\nSlots de memória: 2\r\nMemória Máxima Suportada: 16GB\r\nChipsets: Intel H81 Express\r\nSocket: LGA 1150\r\nUso: PC\r\nFormato: Micro ATX\r\nLAN: Chip Realtek GbE LAN(10/100/1000 Mbit)\r\nInterface de Vídeo: PCI Express\r\nDimensões: 27.94 x 25.4 x 5.08 cm\r\nPeso: 590 g\r\nSistema Suportado: Windows (7, 8, 8.1 e 10)\r\nProcessadores Compatíveis: Intel (Pentium, Celeron, Core i3, Core i5, e Core  i7)','2024-07-02 03:14:32','2024-07-02 03:14:32'),
(15,24,2,'Placa de Vídeo AMD pcyes Radeon R5 230 2gb DDR3 64bits','Placa de Vídeo AMD pcyes Radeon R5 230 2gb DDR3 64bits.',NULL,'Fabricante: Nvidia\r\nMarca: Pcyes\r\nLinha: R5\r\nModelo: R5 230\r\nTipo: Placa de vídeo\r\nVersão: PA 230DR364LP\r\nUso: PC\r\nCor: Preta\r\nMemória: 2 GB\r\nCPU Velocidade: 550MHz\r\nChipSet: Nvidia\r\nCompatibilidade com Open GL: Sim\r\nTipo da memória de vídeo: DDR3 SDRAM\r\nNúcleos: 5\r\nDimensões: 5.5 x 18.5 x 30.5 cm\r\nPeso: 350 g\r\n\r\nSaída de Vídeo:\r\n- VGA\r\n- DVI\r\n- HDMI','2024-07-02 03:18:58','2024-07-02 03:18:58'),
(16,25,2,'Placa de Rede 3DBI D-link DWA525','Placa de Rede 3DBI D-link DWA525 com suporte a Windows 7, Vista, XP e 2000.',NULL,'Marca: D-link\r\nLinha: Wireless\r\nModelo: DWA-525\r\nTipo: Placa de Rede\r\nFabricação: China\r\nUso: Roteador\r\nCor: Verde\r\nConectividade: WLAN\r\nInterface: PCI\r\nAntena: Externa\r\nDimensões: 122 x 120 x 22 mm\r\n\r\nSistemas: Windows (7, Vista, XP, 2000)\r\n\r\nPadrões suportados: Wireless (IEEE 802.11b(11Mbps), IEEE 802.11G(54Mbps), IEEE 802.11n(150Mbps))','2024-07-02 03:24:20','2024-07-02 03:24:20'),
(17,26,2,'Fonte P/Hp Pavilion Slimline SKV270','Fonte P/Hp Pavilion Slimline SKV270 com potência de 300 watts.',NULL,'Marca: UPS\r\nModelo: SKV270\r\nTipo: Fonte\r\nUso: Resfriamento de Peças\r\nCor: preta\r\nTipo da fonte de alimentação para PC: ATX\r\nTipo de refrigeração: Por Ar\r\nDiâmetro do ventilador: 48 mm\r\nDimensões: 5 x 9 x 20 cm\r\nDimensões do Rebaixo Traseiro: 1,5 x 9 x 3 cm\r\n\r\nCaracterística de Energia:\r\nPotência: 300 watts\r\nVoltagem: Bivolt\r\nFrequência: 50-60 Hz\r\n\r\nComputadores Compatíveis:\r\n- Dell Vostro 270S SFF\r\n- Dell Inspiron 660S SFF\r\n- Dell Inspiron 3647 SFF\r\n\r\nConectores:\r\n- 1x ATX 24 pinos\r\n- 1x ATX pinos 12V\r\n- 3x SATA\r\n\r\nCaracterísticas dos conectores:\r\n- 1 x 24 pin Connector\r\n- 1x 4 pinos\r\n- 2x conector SATA','2024-07-02 03:27:21','2024-07-02 03:27:21'),
(18,27,2,'Processador Intel Celeron 128k 2.40GHz 400MHz SL6vu','Processador Intel Celeron 128k 2.40GHz 400MHz SL6vu',NULL,'Marca: Intel\r\nLinha: Celeron\r\nModelo: Celeron\r\nTipo: Processador\r\nFabricação: -\r\nAno: -\r\nUso: PC\r\nCor: Prata\r\nGeração: 1º\r\nNúcleos: 1\r\nSoquetes: PPGA478\r\nArquitetura: x86-64\r\nUso: PC\r\nGamer: Não\r\nLitografia: 130nm\r\nFrequência base do Processador: 2.40GHz\r\nCache: 128 KB\r\nTDP: 59.8W\r\nRotação: 400 MHz\r\nTemperatura: 71 ºC\r\nTamanho: 35 mm x 35 mm\r\n\r\nCaracterísticas de Memória:\r\n- Tipo: DDR\r\n- RAM: 16GB\r\n- Cache: 128MB\r\n\r\nCaracterísticas de Frequência:\r\n- Frequência mínimo Relógio: 2.13GHz\r\n- Frequência Máxima de Relógio: 2.4GHz','2024-07-08 03:50:55','2024-07-08 04:13:39'),
(19,28,2,'Processador Intel Celeron D 315','Processador Intel Celeron D 315.',NULL,'Marca: Intel\r\nLinha: Celeron\r\nModelo: D315\r\nTipo: Processador\r\nFabricação: Malásia\r\nAno: 2007\r\nNúmero do Processador: 315\r\nLitografia: 90nm\r\nUso: PC\r\nNúcleos: 1\r\nFrequência: 2.26GHz\r\nCache: 256 KB\r\nVelocidade do Barramento: 533 MHz\r\nTDP: 73w\r\nTamanho: 35 mm x 35 mm\r\nTemperatura: 67 ºC\r\nFrequência: 2.26GHz\r\nArquitetura: x86-64\r\nGamer: Não','2024-07-08 03:52:15','2024-07-08 03:52:15'),
(20,29,2,'Processador Intel Celeron G1610 2.6GHz','Processador Intel Celeron G1610 2.6GHz.',NULL,'Marca: Intel\r\nLinha: Celeron\r\nSérie: G\r\nModelo: G1610\r\nTipo: Processador\r\nFabricação: Malásia\r\nAno: 2013\r\nUso: PC\r\nCor: Prata\r\nGeração: 3ª\r\nFrequência do Processador: 2.6 GHz\r\nArquitetura: x86-64\r\nLitografia: 22nm\r\nNúcleos: 2\r\nThreads: 2\r\nBarramento: 5 GT/s\r\nPotência: 55w\r\nFrequência base gráfica: 650 MHz\r\nPCI EXPRESS: 2.0\r\nSoquetes: Fclga1155\r\nGamer: Não\r\nOEM: Sim\r\nTamanho: 37.5 mm x 37.5 mm\r\n\r\nCaracterística de Memória:\r\n- Tipo: DDR3\r\n- RAM: 32 MB\r\n- Cache: 2MB\r\n- Banda larga da Memória: 21 GB/s\r\n- ECC: Sim','2024-07-08 03:54:34','2024-07-08 03:54:34'),
(21,30,2,'Processador Intel Celeron G465','Processador Intel Celeron G465.',NULL,'Marca: Intel\r\nLinha: Celeron\r\nSérie: G\r\nModelo: G465\r\nTipo: Processador\r\nFabricação: Costa Rica\r\nAno: -\r\nUso: PC\r\nCor: Prata\r\nGeração: -\r\nFrequência do Processador: 1.90 GHz\r\nArquitetura: x86-64\r\nLitografia: 32nm\r\nNúcleos: 1\r\nThreads: 2\r\nBarramento: 5 GT/s\r\nPotência: 35w\r\nFrequência base gráfica: 650 MHz\r\nPCI EXPRESS: 2.0\r\nSoquetes: Fclga1155\r\nGamer: Não\r\nOEM: Sim\r\nGamer: Não\r\nTemperatura: 65.5Cº\r\nTamanho: 37.5 mm x 37.5 mm\r\n\r\nCaracterística de Memória:\r\n- Tipo: DDR3\r\n- RAM: 32 MB\r\n- Cache: 1.5MB','2024-07-08 03:55:47','2024-07-08 04:11:48'),
(22,31,2,'Processador Intel Celeron D 2.26ghz','Processador Intel Celeron D 2.26ghz / 256 / 533 SI87K.',NULL,'Marca: Intel\r\nLinha: Celeron\r\nModelo: D\r\nTipo: Processador\r\nFabricação: Malásia\r\nAno: -\r\nUso: PC\r\nNúcleo: 1\r\nFrequência: 2.12 GHz\r\nSocket: PPGA478\r\nArquitetura: x86\r\nGamer: Não\r\nLitografia: 90 nm','2024-07-08 03:56:53','2024-07-08 04:13:59'),
(23,32,2,'Vídeocassete PVC 8200','Videocassete Philco PVC-8200 com sistema Auto Head Cleaning, que limpa automaticamente o cabeçote a cada uso para melhorar a qualidade da reprodução.','O PVC-8200 é um vídeo cassete da Philco lançado na época em que o formato VHS ainda era padrão para gravação e reprodução de vídeo doméstico. Seu diferencial era o sistema Auto Head Cleaning, um mecanismo interno que, ao inserir ou ejetar uma fita, realiza a limpeza automática do cabeçote magnético usando uma pequena tira de feltro especial instalada no percurso da fita. Esse recurso reduzia a necessidade de manutenções frequentes e ajudava a manter a imagem mais estável e nítida ao longo do tempo, algo importante numa época em que o desgaste mecânico era comum. O modelo era muito utilizado em residências e também em escolas, empresas e igrejas, por ser simples de operar e relativamente durável em termos de mecânica.','Marca: Philco\r\nModelo: PVC-8200 \r\nAno: 1994\r\nTipo: Videocassete VHS (VCR – Video Cassette Recorder)\r\nSistema de limpeza: Auto Head Cleaning (limpeza automática do cabeçote durante inserção/ejecção da fita)\r\nCompatibilidade de fitas: VHS / VHS-Compact (via adaptador)\r\nFunções principais\r\n-Reproduzir (Play)\r\n-Gravar (Record)\r\n-Pausa / Stop\r\n-Rebobinar / Avanço rápido\r\n-Busca de cena (em alguns lotes)\r\nCabeçotes: 2 cabeçotes (algumas unidades em lote podiam ter 4 cabeçotes, dependendo da versão)\r\nConexões:\r\n-Entrada e saída de vídeo composto (RCA amarelo)\r\n-Entrada e saída de áudio mono (ou estéreo em versões específicas)\r\n-Saída para RF (antena)\r\nAlimentação: Bivolt selecionável (110/220 V)','2024-10-22 08:22:54','2025-11-03 13:45:12'),
(24,34,2,'Notebook ACER Aspire','Laptop Acer Aspire 4743/4743Z Series','Computador de estimação de Fábio Hernandes.','Processador Intel Core i5-460M\r\nTela de 14\'\'\r\nMemória DDR3 4GB\r\nDisco rígido de 640GB\r\nDVD-Super Multi DL drive','2025-03-09 20:34:31','2025-03-17 16:38:53'),
(25,37,2,'Samsung U600','Celular slider roxo.','A versão com coloração padrão foi lançada em fevereiro de 2007, até a versão roxinha chegar em abril. \r\nCom apenas 10,9 mm de espessura, e pesando cerca de 81 g, era um dos sliders mais finos e elegantes da época.\r\nAs teclas \'call/end\' são sensíveis ao toque em vez de mecânicas.\r\nEra um aparelho voltado para o público feminino com seu design roxo, afim de atrair a tendência da moda da época.\r\nUma curiosidade é que o relógio interno tinha uma data limite, não passando de 31/12/2016. Motivo de piada entre os fóruns de colecionadores.','Tela: 2.2" TFT QVG (240x320) 262 K cores\r\nCâmera traseira: 3.2MP com alto foco mais flash led\r\nArmazenamento: interno de 60 MB mais slot micro SD\r\nConectividade: GSM 850/900/1800/1900, GPRS/EDGE classe 10, bluetooth 2.0 com A2TP, USB 2.0\r\nÁudio e muitimídia: reprodutor MP3/Xvid, rádio FM com RDS, TV out, autofalante e com áudio bang e oufisen\r\nBateria: li-lon 690 mAh (aprox. 5 horas de conersação, e aprox. 6 horas em standyby)','2025-06-18 15:07:32','2025-06-18 16:33:07'),
(26,38,2,'LG GT350','O LG GT350 é um celular compacto com tela touchscreen e teclado físico que desliza lateralmente.','Lançado em 2010, o LG GT350 — também conhecido como LG Town — marcou uma fase de transição entre os celulares com teclado físico e os dispositivos focados em conectividade social. Voltado especialmente para o público jovem, o modelo se destacou por integrar de forma simples e direta o acesso a redes sociais como Facebook, Twitter e MSN Messenger, que dominavam a comunicação digital da época.\r\n\r\nCom design moderno, o GT350 combinava uma tela sensível ao toque com um teclado QWERTY deslizante lateral, oferecendo uma experiência híbrida pensada para facilitar a digitação e a navegação. Ele surgiu como sucessor do LG KS360, trazendo melhorias na interface e ampliando as funcionalidades voltadas à interação online, em um tempo em que os smartphones ainda estavam ganhando espaço no mercado.','Modelo: LG GT350 (também conhecido como LG Town)\r\nAno de lançamento: 2010\r\nTipo de aparelho: Feature phone com teclado QWERTY deslizante\r\nTela:\r\n-Tamanho: 3,0 polegadas\r\n-Tipo: Resistiva, sensível ao toque\r\n-Resolução: 240 x 400 pixels\r\nTeclado: QWERTY físico deslizante lateral\r\nSistema operacional: Proprietário (não Android)\r\nCâmera traseira: 2 MP\r\nGravação de vídeo: QCIF a 15 fps\r\nMemória:\r\n-Interna: ~40 MB\r\n-Expansível: Sim, cartão microSD até 8 GB\r\nConectividade:\r\n-GSM 850 / 900 / 1800 / 1900\r\n-GPRS, EDGE\r\n-Bluetooth 2.1 com A2DP\r\n-SB 2.0\r\nBateria:\r\n-Capacidade: 950 mAh (removível)\r\n-Autonomia: até 5 horas de conversação\r\nRecursos adicionais:\r\n-Rádio FM com RDS\r\n-Leitor de arquivos MP3 e MP4\r\n-Acesso direto a redes sociais\r\n-Aplicativos Java compatíveis\r\nDimensões: 109.5 x 52.5 x 15.9 mm\r\nPeso: 125 g','2025-06-18 15:45:36','2025-06-18 15:45:36'),
(27,39,2,'Midi Japan','Celular dual slide','o  MIDI Japan MD-95MP6 foi um celular de entrada lançado no início dos anos 2010, num período em que os feature phones (celulares com funções multimídia mas sem sistema operacional avançado) ainda eram muito populares, especialmente em mercados emergentes como o Brasil.\r\n\r\nSeu maior diferencial era o design deslizante duplo: ao deslizar a tela para baixo, surgia o teclado numérico tradicional para ligações e mensagens. Ao deslizar para cima, apareciam os botões multimídia (play, pause, etc.), lembrando controles de MP3 players. Esse visual chamativo e funcional o tornava muito atraente para jovens que buscavam um celular estiloso e com foco em música.\r\n\r\nApesar de não ser fabricado por uma marca global tradicional como LG ou Nokia, o MD-95MP6 ganhou espaço no mercado por oferecer funções multimídia completas, suporte para dois chips, câmera digital e rádio FM, tudo em um pacote acessível. Era uma opção bastante popular entre quem queria um celular barato, com cara de moderno, e que funcionasse como central de mídia portátil.','Marca: MIDI Japan\r\nModelo: MD-95MP6 (também referido como MD-95MP)\r\nAno estimado de lançamento: 2010–2011\r\nFormato: Deslizante duplo (slide down para teclado / slide up para botões de mídia)\r\nTela\r\n-Tipo: LCD colorida\r\n-Tamanho: 2,0 polegadas (aproximado)\r\nMídia e Entretenimento\r\n-Reprodução de áudio: MP3\r\n-Reprodução de vídeo: MP4, 3GP, AVI\r\n-Rádio FM com antena interna\r\n-Botões dedicados para mídia (play/pause/avançar/retroceder)\r\n-Alto-falante com viva-voz\r\nCâmera\r\n-Traseira: Câmera simples (informada como até 9 MP, mas provavelmente interpolada)\r\n-Funções: Gravação de vídeo, zoom digital\r\nConectividade\r\n-Bluetooth\r\n-GPRS (acesso básico à internet)\r\n-Porta USB (provavelmente mini ou micro USB)\r\nSistema e Memória\r\n-Sistema proprietário básico (não Android)\r\n-Memória interna: Limitada\r\n-Expansão: Suporte a cartão microSD (até 4 ou 8 GB)\r\nRede e SIM\r\n-Dual chip (2 SIM cards)\r\n-Rede: GSM Quadband (850 / 900 / 1800 / 1900 MHz)\r\nBateria\r\n-Removível\r\n-Duração estimada: 2 a 3 dias em uso leve (dependendo da bateria original)\r\nRecursos Extras\r\n-Flash (como lanterna)\r\n-Suporte a Java (jogos e apps simples)\r\n-MSN Messenger\r\n-Função Shake (agitar para trocar música)\r\n-Gravador de voz','2025-06-18 15:50:43','2025-06-18 15:56:01'),
(28,40,2,'Samsung Flip','Celular flip','Lançado em 2011, o Samsung GT-E2530 foi um dos últimos celulares do estilo flip (clamshell) da era dos feature phones, antes da popularização definitiva dos smartphones. Com um visual compacto, leve e elegante, o modelo foi pensado para quem buscava simplicidade, funcionalidade e um toque de sofisticação.\r\n\r\nUm dos principais diferenciais do E2530 era seu visor externo oculto, que permanecia invisível quando desligado, mas exibia informações úteis como hora, chamadas e notificações ao ser ativado. Por dentro, trazia uma tela de 2 polegadas e um teclado tradicional, confortável para digitação.\r\n\r\nAlém de seu apelo estético, o GT-E2530 oferecia recursos multimídia interessantes para a época, como rádio FM com gravação, tocador de músicas MP3, Bluetooth e câmera de 1.3 MP. Com suporte a cartão microSD e boa autonomia de bateria, ele era ideal para o uso diário básico — ligações, mensagens e entretenimento leve.\r\n\r\nO modelo ficou conhecido também por ser um dos últimos a utilizar os sons clássicos de inicialização da Samsung desenvolvidos pela empresa francesa Sixième Son, marcando o fim de uma geração de celulares com personalidade própria, voltada à simplicidade e durabilidade.','Formato: Flip (clamshell)\r\nDimensões: 94,4 × 47,2 × 17,4 mm\r\nPeso: 86 g\r\nTela\r\n-Tipo: TFT\r\n-Tamanho: 2,0 polegadas\r\n-Resolução: 128 × 160 pixels\r\n-Tela externa: CSTN de 1,0 polegada, 96 × 96 pixels\r\nRede e Conectividade\r\n-GSM: Quad-band (850/900/1800/1900 MHz)\r\n-Dados: GPRS/EDGE Classe 12\r\n-Bluetooth: Versão 2.1 com A2DP\r\n-USB: 2.0\r\nEntrada para fone de ouvido: 3,5 mm\r\nCâmera\r\n-Traseira: 1,3 MP (1280 × 1024)\r\n-Vídeo: Gravação H.263 / MPEG-4 a 15 fps\r\nMemória\r\n-Interna: 10 MB\r\n-Expansão: Suporte para cartão microSD até 8 GB\r\nBateria\r\n-Tipo: Li-Ion removível\r\n-Capacidade: 800 mAh\r\n-Autonomia: Até 530 horas em standby / até 11 horas de conversação\r\nMultimídia\r\n-Rádio FM com RDS e gravação\r\n-Tocador de MP3/MP4\r\n-Viva-voz\r\nRecursos Extras\r\n-Suporte a Java (MIDP 2.0)\r\n-T9 para digitação rápida\r\n-MMS\r\n-Agenda para até 1.000 contatos\r\n-Cronômetro e calculadora\r\n-Polifonia (capacidade do aparelho de reproduzir múltiplos tons ou sons simultaneamente)\r\nCores Disponíveis\r\n-Preto\r\n-Edição La Fleur (vermelho floral)','2025-06-18 16:32:31','2025-06-18 16:32:31'),
(29,41,2,'Mini Celular','Celular provavelmente falsificado, imitando os antigos iphones.','Este tipo de celular surgiu como parte de uma onda de celulares genéricos fabricados na China, de baixo custo, vendidos globalmente entre 2008 e 2012. O objetivo era imitar o design de smartphones populares, especialmente iPhones, mas com hardware extremamente básico e sistema próprio.\r\n\r\nA tela pequena, bordas desproporcionais, antena física, botão home visualmente copiado, e lanterna superior são todos elementos típicos de um clone funcional, mas barato.\r\n\r\nMesmo sem marca clara, eles cumpriam funções básicas: ligar, mandar SMS, tocar música e — com sorte — acessar WAP (internet móvel da época).','Modelo: Genérico chinês (não identificado)\r\nAno estimado: 2008–2012\r\nTela\r\n-Tamanho aproximado: ~2,8 polegadas\r\n-Posição: Deslocada para cima\r\n- ~3 cm da borda inferior\r\n- ~1 cm da borda superior\r\n-Bordas laterais: ~3 mm\r\nCâmera\r\n-Flash: Sim, LED ao lado da câmera\r\n-Frontal: Não possui\r\nIluminação\r\n-Lanterna: Sim, localizada na parte superior, ao lado do botão de ligar\r\nBotões e controles\r\nFrontal: Botão redondo com quadrado (estilo iPhone antigo)\r\nSuperiores: Botão de ligar\r\nLaterais:\r\nBotão de câmera\r\nBotões de volume\r\nConectividade\r\nChip: Dual SIM\r\nConexões:\r\nEntrada micro USB (lateral inferior esquerda)\r\nMultimídia\r\n-MP3 Player\r\n-Rádio FM\r\n-Toques polifônicos\r\n-Gravador de voz\r\nDimensões\r\nAltura: 9 cm\r\nLargura: 5 cm\r\nEspessura: 1,3 cm\r\nPeso: ~110 g (estimado)\r\nEstrutura\r\nAntena externa: Sim, na parte inferior\r\nCorpo: Plástico\r\nCor e acabamento: Variável (geralmente preto ou prata brilhante)','2025-06-18 17:50:34','2025-06-18 17:50:34'),
(30,42,2,'iPhone 3GS','Terceira geração do iPhone.','Lançado em 19 de junho de 2009, o iPhone 3GS foi apresentado oficialmente durante a WWDC 2009 por Phil Schiller. O aparelho marcou um importante avanço na linha de smartphones da Apple, conquistando sucesso em vendas e ampla adoção global. Entre suas principais novidades, destacou-se como o primeiro iPhone a contar com gravação de vídeo e comandos de voz, ampliando significativamente a experiência do usuário.\r\n\r\nEmbora visualmente idêntico ao modelo anterior, o iPhone 3G, o 3GS trouxe melhorias notáveis em desempenho, câmera e usabilidade. O "S" em seu nome fazia referência à palavra "Speed", refletindo o foco da Apple em oferecer um dispositivo mais rápido e responsivo — com desempenho até duas vezes superior ao do iPhone 3G. O modelo recebeu atualizações até o iOS 6.1.6, demonstrando sua longevidade e importância dentro da evolução do iPhone.\r\n\r\nEntre os detalhes técnicos e inovações, o iPhone 3GS foi o primeiro a contar com revestimento oleofóbico na tela, ajudando a reduzir marcas de dedos. Também introduziu recursos bastante aguardados pelos usuários, como copiar e colar, suporte a MMS e melhorias significativas na câmera, que passou a contar com foco por toque e capacidade de gravação de vídeo. Além disso, o suporte à App Store — que estava em rápida expansão — tornou o dispositivo ainda mais versátil, com uma ampla gama de aplicativos acessíveis ao público.','-Tela: 3,5" LCD, 320x480px, 165 ppi\r\n-CPU: ARM Cortex-A8 600 MHz\r\n-RAM: 256 MB\r\n-Armazenamento: 8/16/32 GB\r\n-Câmera: 3 MP, gravação VGA\r\n-Entrada: 3,5 mm + dock 30 pinos\r\n- Bateria: 1219 mAh\r\n- Rede: 3G, Wi-Fi b/g, Bluetooth 2.1\r\n-GPS com A-GPS\r\n-Sistema: iOS 3.0 (inicial), iOS 6.1.6 (final)','2025-06-25 16:23:08','2025-06-25 16:23:08'),
(31,43,2,'Fake Nokia E71','Smartphone corporativo com teclado físico QWERTY, corpo metálico e perfil fino. Feito para quem precisava de produtividade, conectividade e resistência no dia a dia profissional.','Lançado em 2008, o Nokia E71 rapidamente se tornou um clássico entre usuários corporativos, sendo a resposta da Nokia à popularidade do BlackBerry. Seu sucesso inspirou uma série de falsificações que tentavam replicar sua aparência e funcionalidades. Embora visualmente semelhantes, esses modelos falsificados geralmente apresentavam desempenho inferior, acabamento mais simples e funções limitadas em comparação com o original. Neste modelo ele conta com uma antena na parte inferior direita e o botão de desligar em cima.\r\n\r\nNormalmente as falsificações tinham o corpo em aço inox imitado, mas com materiais mais leves e menos duráveis. O teclado QWERTY, embora similar em aparência, tinha resposta inferior ao toque. Os perfis "trabalho" e "pessoal" eram apenas ilustrativos ou não estavam presentes. O suporte a documentos era limitado ou inexistente, e o GPS, com Nokia Maps, frequentemente não funcionava ou estava desativado.','-Tela: 2,16"\r\n-CPU:  seria ARM11 369 MHz\r\n-RAM: seria 128 MB\r\n-Armazenamento: seria de 110 MB + microSD até 8 GB\r\n-Câmeras: Traseira 12.1 MP\r\n-Bateria: 1500 mAh (removível)\r\n-Sistema: seria o Symbian OS 9.2, S60','2025-06-25 16:43:27','2025-06-25 16:43:27'),
(32,44,2,'BLU Jenny TV 2.8 T276T','O BLU Jenny TV 2.8 é um celular básico com tela ampla e foco em praticidade. Possui teclado físico, suporte a dois chips e TV analógica integrada, ideal para quem buscava funções essenciais com entretenimento acessível.','Lançado por volta de 2015, o Jenny 2.8 seguiu a linha de celulares simples da BLU, voltada ao público que priorizava durabilidade, bateria e funções básicas como chamadas, mensagens, rádio e TV. Fez sucesso em mercados latino-americanos por seu custo-benefício e pela TV integrada, ainda valorizada em áreas com sinal aberto.\r\n\r\n-TV analógica embutida com antena retrátil\r\n-Dual SIM com operação simples e direta\r\n-Rádio FM e MP3 player integrados\r\n-Teclado físico com botões grandes\r\n-Corpo leve e resistente, fácil de transportar','-Tela: 2,8", TFT, 240x320px (QVGA)\r\n-CPU: Não especificada (feature phone)\r\n-RAM: Não divulgada oficialmente\r\n-Armazenamento: microSD até 32 GB\r\n-Câmera: VGA traseira com flash LED básico\r\n-Bateria: 1450 mAh (removível)\r\n-Conectividade: GSM (2G), Bluetooth, micro-USB\r\n-Sistema: Proprietário (interface simples)\r\n-Recursos extras: TV analógica, Rádio FM, MP3/MP4 player, lanterna','2025-09-01 12:46:40','2025-09-01 12:47:23'),
(33,45,2,'Nokia RM','O Nokia C3-00 é um celular com teclado QWERTY físico, tela de 2,4", conexão Wi-Fi e sistema Series 40. Focado em mensagens e redes sociais, foi um dos primeiros celulares acessíveis com teclado completo, ideal para quem queria digitar rápido e acessar Orkut, Facebook e e-mails em 2010.','Lançado em abril de 2010, o Nokia C3-00 chegou como uma alternativa barata aos BlackBerrys. O foco era a juventude conectada, com teclado QWERTY, suporte a Wi-Fi, e acesso facilitado a redes sociais, incluindo Facebook, Twitter e até Orkut via Nokia Messaging.\r\nNo Brasil, ficou famoso principalmente após uma campanha publicitária com o humorista Rafinha Bastos, que destacava a interação com redes sociais e o uso fácil do teclado. Era um celular muito presente entre estudantes e jovens adultos.\r\nCuriosamente, embora tivesse Wi-Fi, alguns aplicativos só funcionavam via rede de dados (EDGE/GPRS), o que confundia muitos usuários. Outra curiosidade é que, apesar da aparência "moderna", ele não tinha 3G nem câmera frontal. Ainda assim, a bateria durava dias, e o aparelho se tornou um clássico nostálgico.','-Modelo: Nokia C3-00 (RM-614)\r\n-Ano de lançamento: 2010\r\n-Tela: 2,4" TFT (320×240 px)\r\n-Teclado: QWERTY físico completo\r\n-Sistema: Nokia Series 40\r\n-Conectividade: Wi-Fi b/g, Bluetooth 2.1, EDGE (sem 3G)\r\n-Memória: 64 MB RAM / slot microSD até 8 GB\r\n-Câmera: Traseira 2 MP (sem flash, foco fixo)\r\n-Bateria: 1.320 mAh (ótima autonomia)\r\n-Cores: Rosa, preto, dourado, cinza, violeta, branco\r\n-Peso: 114 g','2025-09-01 12:51:21','2025-09-01 12:51:21'),
(34,46,2,'Nokia X1','O Nokia X1-01 é um celular básico lançado em 2011, voltado para usuários que priorizam simplicidade, durabilidade e longa duração de bateria.','O Nokia X1-01 foi apresentado pela Nokia em um momento de transição no mercado mobile, quando smartphones começavam a dominar o setor. O modelo foi parte de uma estratégia voltada para consumidores de regiões onde o acesso à tecnologia era limitado e a demanda por aparelhos com recursos simples e autonomia de bateria era alta. Ele integrava a linha de entrada da fabricante finlandesa, mantendo a tradição de celulares robustos e funcionais da marca. O modelo também representou o esforço da Nokia em continuar competitiva no segmento de aparelhos acessíveis, enquanto buscava espaço no mercado de smartphones.\r\nEquipado com recursos essenciais, como suporte a dois chips SIM e um reprodutor de música MP3, o modelo foi projetado para atender principalmente mercados emergentes. Seu foco era oferecer acessibilidade, praticidade no uso diário e funcionalidades básicas de comunicação e entretenimento.\r\nMuitos desses aparelhos traziam atalhos dedicados no teclado para controle de mídia, facilitando o uso no dia a dia. A presença da entrada P2 (3,5 mm) também era comum, garantindo compatibilidade com a maioria dos fones de ouvido padrão. Além disso, esses celulares eram oferecidos em diversas opções de cores, atendendo aos gostos variados dos consumidores.\r\nSua estrutura mais espessa contribuía para uma pegada firme e confortável, enquanto a interface apresentava indicadores visuais simples e de fácil leitura. Esses aparelhos também se destacavam por oferecer suporte ao formato de áudio MP3, permitindo a reprodução de músicas diretamente no dispositivo. Outro diferencial era a facilidade de manutenção, com bateria substituível e componentes acessíveis, o que tornava esses celulares duráveis e práticos para o uso cotidiano.','-Lançamento: Junho de 2011\r\n-Sistema Operacional: Series 30\r\n-Tela: 1.8 polegadas, 128 x 160 pixels\r\n-Memória Interna: Não possui\r\n-Expansão: Cartão microSD até 16 GB\r\n-Câmera: Não possui\r\n-Conectividade: GSM 900 / 1800 (2G)\r\n-Dual SIM: Sim\r\n-Bateria: 1320 mAh (BL-5J), removível\r\n-Peso: 91 g\r\n-Dimensões: 112.2 x 47.3 x 16 mm\r\n-Entrada para fone de ouvido: 3.5 mm','2025-09-01 12:55:59','2025-09-01 12:55:59'),
(35,47,2,'Samsung GT-C3312','Celular Samsung sensível ao toque com duo dois chips','O Samsung GT-C3312, também conhecido como Champ Deluxe Duos, foi lançado em 2012 como um celular de entrada com tela sensível ao toque. Voltado para quem buscava um aparelho simples, mas com visual moderno, ele trazia uma tela de 2,8 polegadas com tecnologia resistiva e a interface TouchWiz Lite, própria da Samsung.\r\nSeu principal destaque era o suporte a dois chips, algo muito valorizado na época, principalmente por quem queria separar contatos pessoais e profissionais. Além disso, vinha com funções básicas como rádio FM, câmera de 1,3 MP, Bluetooth e entrada para cartão microSD.\r\nO modelo fazia parte da linha "Champ", pensada para usuários que estavam migrando dos celulares com teclado físico para modelos com tela touch, mas sem entrar no universo dos smartphones. Por isso, o GT-C3312 não usava Android e não tinha Wi-Fi, mas oferecia um bom custo-benefício para chamadas, mensagens, música e uso diário.\r\nCom visual compacto, bateria durável e interface simples, o GT-C3312 fez sucesso entre jovens e trabalhadores que queriam praticidade sem gastar muito. Ele marcou uma fase de transição entre os celulares tradicionais e os smartphones modernos.','Modelo: GT-C3312 (Champ Deluxe Duos)\r\nLançamento: Janeiro de 2012\r\nTela:\r\n-2,8 polegadas\r\n-TFT resistiva (toque por pressão)\r\n-Resolução: 240 x 320 pixels\r\n-256 mil cores\r\nSistema:\r\n-Sistema proprietário da Samsung\r\n-Interface TouchWiz Lite\r\nCâmera traseira:\r\n-1,3 MP\r\n-Resolução máxima de fotos: 1280 x 1024 px\r\n-Gravação de vídeo em baixa resolução (QCIF a 15 fps)\r\nMemória:\r\n-Memória interna: 30 MB\r\n-Expansão com cartão microSD de até 16 GB\r\nConectividade:\r\n-Bluetooth 3.0 com A2DP\r\n-Conector micro USB\r\n-Rádio FM com gravação\r\n-GPRS / EDGE (sem Wi-Fi\r\nDual Chip: Sim, com funcionamento em modo standby\r\nBateria:\r\n-Capacidade: 960–1000 mAh\r\n-Autonomia estimada:\r\n--Até 15 horas de chamadas\r\n--Até 490 horas em standby\r\nDimensões e peso:\r\n-101,8 x 55 x 12,3 mm\r\n-Aproximadamente 90 g\r\nOutros recursos:\r\n-Reprodutor de músicas e vídeos\r\n-Viva-voz, alarme, calendário, calculadora','2025-09-01 13:04:14','2025-09-01 13:04:14'),
(36,48,2,'Samsung C3510 Genoa','O Samsung C3510 Genoa foi um celular de entrada com tela sensível ao toque, voltado para jovens e usuários que buscavam acesso fácil às redes sociais. Compacto, com interface simples e preço acessível, oferecia funções modernas para a época.','Lançado no final de 2009, o Genoa fazia parte da estratégia da Samsung de popularizar os celulares com tela touchscreen fora da linha Galaxy. Vinha com a interface TouchWiz e foco em conectividade social, incluindo atalhos para Facebook, Twitter e MSN. Teve boa aceitação entre adolescentes e usuários iniciantes no uso de touchscreen.','-Interface: TouchWiz simplificada com widgets\r\n-Tela: 2,8", TFT resistiva, 240x320px (QVGA)\r\n-Armazenamento: 30 MB interno + microSD até 8 GB\r\n-Câmera: 1.3 MP, sem flash, gravação QCIF\r\n-Bateria: 960 mAh, removível\r\n-Conectividade: GSM, Bluetooth 2.1, USB 2.0\r\n-Sistema: proprietário Samsung com TouchWiz\r\n-Recursos extras: Rádio FM, MP3 player, navegador WAP\r\n-Design: leve, curvo e ergonômico, compatível com fones padrão','2025-09-01 13:14:14','2025-09-01 13:14:14'),
(37,49,2,'Selfie Positivo','Celular selfie da positivo','O Positivo Selfie foi lançado em 2015, durante um período em que as selfies estavam no auge da popularidade.\r\nA Positivo, marca brasileira conhecida por oferecer dispositivos acessíveis, decidiu criar um modelo de celular que atendesse exatamente esse novo\r\ncomportamento dos usuários: o desejo de tirar boas fotos com a câmera frontal, principalmente para uso em redes sociais.\r\nPensado para o público jovem, o aparelho combinava preço acessível com recursos específicos voltados para fotografia frontal.\r\nO nome “Selfie” já deixava claro seu objetivo: ser uma opção simples, prática e eficaz para quem queria se destacar nas fotos com amigos, vídeos ou chamadas de vídeo.','-Modelo: Positivo Selfie S455\r\n-Ano de lançamento: 2015\r\n-Tela: 4,5" IPS LCD (480x854 px)\r\n-Processador: Quad-core 1.3 GHz (MediaTek)\r\n-RAM: 1 GB\r\n-Armazenamento: 8 GB interno (expansível via microSD)\r\n-Câmera frontal: 8 MP, com flash de tela e modos especiais (como disparo por sorriso)\r\n-Câmera traseira: 5 MP com flash LED\r\n-Sistema: Android 5.0.2 Lollipop\r\n-Bateria: 1.800 mAh\r\n-Conectividade: 3G, Wi-Fi, Bluetooth 4.0, GPS, rádio FM\r\n-SIM: Dual SIM\r\n-Recursos extras: Modo Sorriso, atalho para câmera frontal\r\n-Cores disponíveis: preto e dourado\r\n-Preço de lançamento: entre R$ 499 e R$ 549','2025-09-01 13:17:24','2025-09-01 13:17:24'),
(38,50,2,'Foston FS‑66','O Foston FS‑66 é um MP3/MP4 bem compacto, com capacidade de 1024 MB de armazenamento, tela colorida de 1,5″ com suporte a 65 000 cores, alto‑falante embutido e compatibilidade com múltiplos formatos.','Lançado por volta de 2006/2007, o FS‑66 se destacou entre os mini‑players populares antes dos smartphones dominarem o mercado. Seu firmware (versão ~9.0.X) foi amplamente trocado em fóruns como o Clube do Hardware. A tela simples (128×96 px) era suficiente para menus, mas limitava a visualização de vídeos.\r\nUsuários elogiavam “a boa variedade de formatos” (AVI, WMV, MP3, WMA…) e o rádio FM com gravação de voz (até 288 h), mas alertavam sobre botões frágeis e CDs de instalação que às vezes vinham com vírus.','-Modelo: Foston FS‑66\r\n-Capacidade: 1024 MB interna\r\n-Tela: 1,5″ colorida, 65 000 cores, 128×96 px\r\n-Áudio: MP3, WMA, WAV, ASF\r\n-Vídeo: WMV, MPG, MPEG I/II, QuickTime (MOV/QT), AVI (convertido para AMV)  \r\n-Imagens: JPEG, GIF\r\n-Rádio FM: memória para 20 estações\r\n-Gravador de voz: microfone embutido, até 288 h \r\n-Recursos extras: equalizador (7 modos), agenda, jogos simples, idiomas (11), alto‑falante embutido\r\n-Conectividade: USB 1.0/1.1/2.0\r\n-Dimensões: 75 × 40 × 18 mm\r\n-Bateria: recarregável (duração variável)','2025-09-01 13:22:54','2025-09-01 13:23:34'),
(39,51,2,'MP3 GoGear','O Philips GoGear SA3VBE, também conhecido como SA3VBE04K, é um reprodutor de áudio digital compacto da linha GoGear','Lançado no início da década de 2010, o Philips SA3VBE surgiu como parte da linha GoGear, em uma época em que os players dedicados ainda tinham seu espaço mesmo com a popularização dos smartphones. A Philips desenvolveu o aparelho com foco em portabilidade, autonomia de bateria e fidelidade sonora, buscando atender usuários que queriam um dispositivo exclusivo para ouvir música, sem distrações ou funcionalidades extras.\r\nCom design compacto e acabamento em preto brilhante, o SA3VBE contava com uma tela colorida de 1.5 polegadas que permitia navegar por menus simples e visualizar capas de álbuns. Os botões sensíveis ao toque tornavam a navegação prática, enquanto a interface era compatível com o software Philips Songbird, que facilitava a transferência de músicas, criação de playlists e organização da biblioteca musical.\r\nAlém disso, o aparelho oferecia compatibilidade com diversos formatos de áudio, incluindo MP3, WMA, WAV e FLAC. A tecnologia FullSound™ da Philips era um dos principais diferenciais, melhorando a qualidade de arquivos comprimidos e tornando a experiência de audição mais rica. A bateria recarregável via USB proporcionava até 20 horas de reprodução contínua, e o corpo leve e resistente facilitava o uso em movimento. Com entrada padrão de fone de ouvido (3.5 mm), ele se encaixava no dia a dia de usuários que buscavam uma alternativa prática aos players mais caros da época.','Modelo: Philips GoGear SA3VBE04K\r\nCapacidade de armazenamento: 4 GB (flash interno)\r\nTela: 1.5 polegadas, colorida TFT\r\nFormatos de áudio suportados: MP3, WMA, WAV, FLAC\r\nConectividade: USB 2.0\r\nBateria: Recarregável, até 20 horas de reprodução\r\nTecnologia de som: Full Sound','2025-09-01 13:28:20','2025-09-01 13:28:20'),
(40,52,2,'Mondial RP-03','O Mondial RP-03 é um rádio portátil multibandas, capaz de sintonizar AM, FM e 10 faixas de ondas curtas (SW), equipado com display digital, relógio, alarme e saída para fone de ouvido, tudo em um formato compacto alimentado por pilhas AA ou entrada DC 3 V .','Não foram encontradas datas ou décadas exatas de lançamento para o RP-03; ele aparece em sites de venda e catálogos, mas sem referências históricas claras . Isso sugere que é um produto recente, provavelmente dos anos 2010, mas o ano exato permanece desconhecido.','-Bandas de recepção: AM, FM e 10 faixas de ondas curtas (SW) \r\n-Funções: display digital, relógio, alarme, saída para fone de ouvido \r\n-Alimentação: 2 pilhas AA ou entrada DC 3 V \r\n-Potência de saída: cerca de 1 W RMS \r\n-Dimensões e peso: aprox. 14 cm (largura) × 9 cm (altura) × 5 cm (profundidade); peso entre 220 g e 400 g dependendo da fonte \r\n-Design: portátil, leve e prático para viagens e uso diário','2025-09-01 13:46:08','2025-09-01 13:46:08'),
(41,53,2,'Philco PH60','O Philco PH60 é um rádio portátil multibandas, lançado em 2010, que recebe AM, FM e ondas curtas.','O Philco PH60 World Receiver, lançado em janeiro de 2010, é um rádio portátil multibandas, projetado para receber AM, FM e várias faixas de ondas curtas (SW1–SW8), totalizando cerca de 10 bandas. Compacto, funciona com pilhas, tem antena telescópica retrátil, base de apoio, alto-falante interno e algumas versões trazem saída para fone de ouvido. Retomando uma oferta com apelo internacional para entusiastas e viajantes — algo que a marca não fazia com esse foco há bastante tempo .','Bandas:\r\n– AM (MW)\r\n– FM\r\n– SW (ondas curtas: SW1 a SW8, totalizando 8 faixas)\r\n-Número de faixas: 10 no total\r\n-Potência de saída: aprox. 1 W RMS\r\n-Alimentação: pilhas (geralmente AA)\r\n-Antena: telescópica retrátil para FM e SW\r\n-Sintonização: digital\r\n-Recursos extras: apoio retrátil para mesa, alto-falante embutido, algumas versões com entrada para fones','2025-09-01 13:47:44','2025-09-01 13:47:44'),
(42,54,2,'Agenda Casio','A Casio SF-5500B Business Organizer (128 KB) é uma agenda eletrônica portátil da década de 1990, usada para organizar compromissos, contatos, notas e despesas, considerada precursora dos PDAs e smartphones.','Na virada dos anos 80 para os 90, a Casio já era referência mundial em calculadoras, relógios digitais e pequenos computadores de bolso. Com o aumento da demanda por dispositivos que ajudassem executivos e estudantes a organizar o dia a dia, a marca lançou a linha Digital Diary / Business Organizer, que se tornou um grande sucesso antes da chegada dos PDAs (como os PalmPilot) e, mais tarde, dos smartphones.\r\n\r\nO modelo Casio SF-5500B, lançado em fevereiro de 1995 e fabricado na Tailândia, representava um avanço dentro dessa linha. Ele oferecia 128 KB de memória, algo bastante expressivo para a época, permitindo armazenar centenas de contatos, compromissos e notas. Seu design portátil, com teclado alfanumérico completo e display LCD de 16×4 linhas, o tornava prático e eficiente para consultas rápidas, sem depender de computadores de mesa.\r\n\r\nO aparelho trazia funções que simulavam as ferramentas que mais tarde se tornariam comuns nos celulares: agenda de compromissos com alarmes, diretório telefônico, calendário interativo, editor de notas (Memo), controle de despesas e até comunicação para transferência de dados entre dispositivos semelhantes, via cabo opcional.\r\n\r\nEle foi muito utilizado por empresários, universitários e pessoas que precisavam organizar informações em tempo real, tornando-se um símbolo de status e praticidade nos anos 90. Hoje, a SF-5500B é vista como um item de colecionador, representando a transição da era analógica para a digital no gerenciamento pessoal de informações.','-Modelo: Casio Business Organizer Scheduling System SF-5500B\r\n-Ano de lançamento: 1995\r\n-País de fabricação: Tailândia\r\n-Memória: 128 KB (aprox. 126.428 bytes)\r\n-Display: LCD de 16 colunas × 4 linhas\r\n-Teclado: Alfanumérico completo\r\n-Alimentação: 2 × baterias de lítio CR2032\r\n-Consumo de energia: ~0,05 W\r\n-AUtonomia:\r\nAté 350 horas de uso contínuo\r\nAté 12 meses em modo de backup de memória\r\n-Funções principais:\r\nAgenda eletrônica com alarmes\r\nCalendário interativo\r\nDiretório telefônico\r\nEditor de notas (Memo)\r\nControle de despesas\r\nTransferência de dados entre unidades via cabo\r\n-Recursos adicionais: Auto power-off, proteção contra perda de dados, mensagens de aviso de memória cheia','2025-09-08 13:02:48','2025-09-08 13:02:48'),
(43,55,2,'Toshiba Satellite 2455-S305','Notebook robusto da linha Satellite, lançado no início dos anos 2000 como substituto de desktop.','O Toshiba Satellite 2455-S305 foi lançado em 2002 como parte da série Satellite 2455, voltada para usuários que buscavam a potência de um desktop em formato portátil. Equipado com processador Intel Pentium 4, tela de 15" e placa de vídeo dedicada, o modelo se destacou por oferecer recursos multimídia avançados para a época, incluindo drive de DVD-R/RW, saídas de vídeo e som de alta qualidade com alto-falantes Harman/Kardon. Rodando Windows XP Home, foi pensado para uso doméstico e corporativo, com ampla conectividade (modem, Ethernet, FireWire, etc.) e design robusto. Embora pesado e com autonomia limitada, foi uma máquina durável e poderosa, que refletia os padrões de notebooks de alto desempenho do início dos anos 2000. Com o passar dos anos, a linha Satellite foi evoluindo até ser descontinuada em 2016, sendo posteriormente assumida pela marca Dynabook.','-Processador (CPU): Intel Pentium 4, 2.4 GHz, 512 KB cache L2\r\n-Memória RAM: 512 MB DDR SDRAM (expansível até 1 GB, 2 slots PC2100)\r\n-Armazenamento: HD IDE 60 GB (4200 rpm)\r\n-Tela: 15″ TFT XGA, 1024×768 pixels\r\n-Vídeo (GPU): NVIDIA GeForce4 420 Go, 32 MB DDR dedicado\r\n-Sistema Operacional: Windows XP Home Edition\r\n-Unidade Óptica: DVD-R/RW\r\n-Conectividade: Modem 56K, Ethernet 10/100, Wi-Fi 802.11b (opcional)\r\n-Portas: 3× USB 2.0, FireWire (i.LINK), VGA, S-Video, RJ-11, RJ-45\r\n-Áudio: Alto-falantes Harman/Kardon, codec AD1981B\r\n-Bateria: Íons de lítio, 12 células, ~2,5 horas de autonomia\r\n-Fonte de alimentação: 90 W (15 V, 6 A)\r\n-Peso: Aproximadamente 3,6 kg','2025-09-08 13:05:47','2025-09-08 13:06:27'),
(44,56,2,'Toshiba Satellite Pro T2150CDS/520','A Toshiba Satellite Pro T2150CDS/520 é um laptop multimídia profissional de 1995 com processador Intel 486DX4, CD-ROM integrado e foco em portabilidade e produtividade.','Em 1995, com o avanço da era multimídia — impulsionada por enciclopédias digitais, bancos de dados e e-books em CD-ROMs — havia crescente demanda por notebooks capazes de lidar com esses conteúdos. A Toshiba respondeu com o Satellite Pro T2150CDS (e sua variante T2150CDT), modelos que incorporam recursos como drive de CD-ROM embutido, gráficos acelerados e som integrado, o que era pouco comum na época.\r\nO T2150CDS, em particular, veio equipado com um processador Intel 486DX4 de 75 MHz, o que representava boa performance em 1995, além de um armazenamento robusto de 500 MB de disco rígido e CD-ROM de dupla velocidade. Também trouxe tecnologia de display colorido DSTN (Dual-scan), ideal para aplicações visuais.\r\nEste modelo fazia parte da linha Satellite Pro, voltada para o mercado corporativo e educacional, exigente por confiabilidade e recursos multimédia. Tal abordagem ajudou a posicionar a série como um sucesso comercial, fortalecendo a liderança da Toshiba no mercado global de laptops durante aquela década.','-Ano de lançamento: 1995\r\n-Modelo: Toshiba Satellite Pro T2150CDS (também existia a versão T2150CDT)\r\n-Processador (CPU): Intel 80486DX4 de 75 MHz (com co-processador integrado)\r\n-Memória RAM: 4 MB onboard, expansível até 28 MB\r\n-Armazenamento: HD IDE 2,5″ de 500 MB (528 MB formatados a ~4 000 rpm)\r\n-Drive óptico: CD-ROM de dupla velocidade (2x) integrado\r\n-Tela: 10,4″ DSTN SVGA 640×480 colorida\r\n-Gráficos: 1 MB VRAM, acelerador gráfico local bus (VLB)\r\n-Som: Compatível com Sound Blaster Pro, microfone embutido, entradas/saídas de áudio (fone, line-in, mic)\r\n-Dispositivos de entrada: Teclado estilo IBM PS/2 de 82 teclas, com overlay numérico e apontador AccuPoint (TrackPoint)\r\n-Portas e conectividade: Paralela, serial, SVGA, PS/2, microfone, fone de ouvido, line-in, slot para drive floppy externo, 2× PCMCIA, conector para replicador de portas\r\n-Bateria e energia:\r\nFonte interna universal 100-240 VAC → 18 VDC\r\nBateria de relógio (RTC) de lítio\r\nBateria interna NiMH para backup\r\nBateria principal NiMH removível (2 600 mAh)\r\n-Dimensões e peso: 11.8″ × 2.08″ × 8.89″ (L × A × P); ~3,13 kg (com bateria)\r\n-Software pré-instalado: MS-DOS 6.22, Windows 3.11 ou Windows for Workgroups, além de utilitários Toshiba (Toshiba Utilities, magiCDisc, Card Manager etc.)','2025-09-08 13:19:18','2025-09-08 13:19:18'),
(45,57,2,'Toshiba Satellite 2065CDS/4.3','O Toshiba Satellite 2065CDS/4.3 é um notebook corporativo de meados dos anos 1990, equipado com processador AMD K6-2 e foco em conectividade, multimídia e mobilidade.','Lançado por volta de 1999, o Satellite 2065CDS/4.3 chegou como opção de entrada da linha Satellite, que já tinha tradição no segmento de notebooks empresariais. Equipado com processador AMD K6-2 de 366 MHz com 3DNow!, 32 MB de RAM e HD de 4,3 GB, ele foi designado como modelo acessível com capacidade multimídia para negócios e uso geral\r\nO notebook contava ainda com uma tela passiva (dual-scan), que oferecia resolução de até 800x600 (SVGA) e, dependendo do modo, podia exibir até 1024 × 768 (XGA) ou mais como virtual display. Seu drive óptico de 24x CD-ROM e modem 56 Kbps integrados tornavam-no bastante funcional para conectar-se à internet via discagem e acessar conteúdos em CD — recursos importantes para sua época.\r\nO Satellite 2065CDS fazia parte de uma estratégia de mercado para oferecer desempenho robusto a um preço mais acessível, sendo vendido por cerca de US$ 1.399, e vinha com softwares como Encarta 99, Quicken e Norton Anti-Virus já instalados.','-Processador (CPU): AMD K6-2 de 366 MHz com tecnologia 3D Now!\r\n-Cache L2: 256 KB Pipeline Burst\r\n-Memória RAM: 32 MB soldered, expansível até 160 MB (PC66 SDRAM SO-DIMM) \r\n-Armazenamento: HD de 4,3 GB (Ultra ATA/33), além de drive de disquete 3,5″ 1,44 MB \r\n-Drive óptico: CD-ROM 24x\r\n-Vídeo / GPU: S3 ViRGE/MX com 2 MB de SGRAM, suporta resoluções VGA, SVGA, XGA, SXGA\r\n-Tela: 12,1″ dual-scan (CDS), SVGA 800x600, virtual display até 1280 × 1024\r\n-Modem: Integrado 56 Kbps (V.90) \r\n-Slots de expansão: 2× PC Card (Type II ou 1× Type III) \r\n-Software incluído: Windows 98, Norton Anti-Virus, Encarta 99, Quicken, Microsoft Bookshelf 99, etc.\r\n-Preço de lançamento: Aproximadamente US$ 1.399','2025-09-08 13:23:45','2025-09-08 13:23:45'),
(46,58,2,'MOXPAD 840 4G','O MOXPAD 840 4G provavelmente é um Tablet Genérico Fabricado na China','O MOXPAD 840 4G é um tablet genérico fabricado na República Popular da China (indicado pelo selo “Made in P.R.C.”). Esse selo é uma designação oficial para produtos chineses, muitas vezes utilizada como alternativa ao tradicional “Made in China”, buscando uma percepção de maior qualidade.\r\nEste tablet faz parte de uma categoria de dispositivos voltados para o mercado de baixo custo, comuns em importações da China, que oferecem funcionalidades básicas para usuários que não buscam alta performance ou marcas consolidadas. Embora não haja registros oficiais ou informações disponíveis na internet sobre esse modelo específico, suas características físicas indicam um produto focado no uso básico, com alguns acessórios para facilitar o manuseio.','-Modelo: MOXPAD 840 4G (genérico, sem dados oficiais disponíveis)\r\n-Origem: República Popular da China (P.R.C.)\r\n-Ano estimado: Década de 2010 (baseado em características visuais e acessórios)\r\n\r\nTela\r\n-Tela tamanho aproximado: entre 8 e 10 polegadas\r\n-Tela sensível ao toque (touchscreen capacitiva presumida)\r\n-Câmera frontal visível, resolução não informada (possivelmente baixa)\r\n\r\nBotões e Controles\r\n-Botões físicos laterais para volume e ligar/desligar\r\n-Botões frontais abaixo da tela para funções básicas de navegação no sistema\r\n\r\nConectividade e Entradas\r\n-Porta USB (provavelmente micro ou mini USB)\r\n-Entrada para fones de ouvido\r\n-Slot para cartão TF (micro SD)\r\n-Entrada HDMI (sem confirmação da funcionalidade plena)\r\nÁudio e Microfone\r\n-Duas saídas de som localizadas na parte traseira\r\n-Microfone localizado na parte inferior do aparelho\r\n\r\nAcessórios Inclusos\r\n-Capinha própria da marca MOX, com suporte para apoio do tablet\r\n-Caneta touch de tamanho reduzido, para uso na tela sensível ao toque\r\n-Teclado USB conectado via cabo, que utiliza a única porta USB disponível\r\n\r\nEstrutura e Acabamento\r\n-Acabamento traseiro com padrão que imita fibra de carbono\r\n-Construção em plástico, padrão comum em tablets genéricos da época\r\n\r\nConsiderações Gerais\r\n-Ausência de documentação e suporte oficial encontrados online\r\n-Possível desempenho básico, adequado para tarefas simples\r\n-Equipamento típico do mercado de tablets genéricos importados da China\r\n“Made in P.R.C.” indica origem chinesa, usado como selo oficial de fabricação','2025-09-08 13:50:15','2025-09-08 13:50:15'),
(47,59,2,'Receptor de Sinal de TV Via Satélite Elsys 4100','O Elsys 4100 é um receptor de sinal de TV via satélite, do tipo analógico.','Foi desenvolvido para captar transmissões da Banda C, utilizando antenas parabólicas com LNBF compatível. Ele pertence à antiga linha 4000 da Elsys, sendo conhecido também como Vision 4100. Este modelo foi amplamente utilizado no Brasil durante os anos em que os canais de TV aberta eram transmitidos principalmente em sinal analógico via satélite.\r\n\r\nO equipamento permite a recepção de canais abertos sem necessidade de assinatura, e é ideal para quem usa antena parabólica tradicional. Ele traz funções como busca automática de canais, visor digital no painel frontal, e controles manuais para troca de canais, polarização (horizontal/vertical) e sintonia fina. Também possui saídas de vídeo e áudio analógico para conexão com TVs.\r\n\r\nEsse tipo de receptor foi bastante popular no Brasil rural e em regiões afastadas dos grandes centros urbanos, onde a transmissão terrestre (sinal de antena comum) era de difícil acesso. Com o tempo, no entanto, o avanço da TV digital, tanto terrestre quanto via satélite, tornou os receptores analógicos como o Elsys 4100 obsoletos para a maioria dos usuários, uma vez que muitos canais migraram para transmissão digital codificada.','-Tipo de receptor: Analógico, TV via satélite – Banda C\r\n\r\n-Polarização: Horizontal e Vertical (H/V) – comutável\r\n\r\n-Largura de banda: Ajustável entre 18 MHz e 27 MHz\r\n\r\n-Capacidade de canais: Até aproximadamente 60 canais programáveis\r\n\r\n-Busca de canais: Automática e manual (sintonia fina)\r\n\r\n-Alimentação elétrica: Não especificada com exatidão, geralmente bivolt (110–220V)\r\n\r\n-Conexões:\r\n\r\nEntrada de sinal via cabo coaxial (da parabólica com LNBF)\r\n\r\nSaída de vídeo e áudio analógico (RCA) para TV\r\n\r\n-Controles no painel:\r\n\r\nTroca de canal\r\n\r\nLigar/desligar\r\n\r\nSintonia fina\r\n\r\nControle de polarização\r\n\r\n-Display frontal: Numérico (indica o canal atual)\r\n\r\n-Compatibilidade:\r\n\r\nLNBF da Banda C\r\n\r\nParabólica mono ou multiponto\r\n\r\n-Recursos adicionais:\r\n\r\nBotão “Last” (alternar entre dois canais)\r\n\r\nControle de volume no painel frontal','2025-09-22 14:23:04','2025-09-22 14:23:04'),
(48,60,2,'Caixa de Som Gradiente','Caixa de som passiva da Gradiente, originalmente parte de um sistema de Home Theater 5.1, fabricada provavelmente entre 2002 e 2008.','Durante os anos 2000, a Gradiente foi uma das principais marcas brasileiras no segmento de áudio e vídeo, produzindo no Polo Industrial de Manaus uma variedade de sistemas de home theater 5.1 integrados, compostos por DVD player, receiver e caixas acústicas passivas. As caixas, como a da imagem, eram produzidas com design compacto, boa qualidade sonora para uso residencial e acabamento moderno para a época, geralmente em cinza ou prata. Essas caixas foram amplamente utilizadas em salas de estar, oferecendo som surround acessível. Com o avanço das tecnologias de áudio digital, TVs com som embutido e soundbars, esse tipo de equipamento foi gradualmente saindo de linha, especialmente após a crise financeira da Gradiente.','-Tipo: Caixa satélite passiva (home theater 5.1)\r\n-Impedância: 4 a 8 ohms (normalmente 6Ω nos sistemas Gradiente)\r\n-Alto-falante: 1 driver full-range (aprox. 3–4”) com cúpula reflexiva\r\n-Resposta de frequência: Estimada entre 100 Hz e 18 kHz\r\n-Potência admissível: 30 a 60 W RMS\r\n-Material:\r\nFrontal: Plástico cinza/prata\r\n-Bass Reflex: 2 dutos (superior e inferior)\r\n-Fixação: 8 parafusos no painel frontal\r\n-Conexão: Fios desencapados (vermelho/preto)\r\n-Uso: Frontal, lateral ou surround em sistemas 5.1','2025-09-22 14:25:41','2025-09-22 14:25:41'),
(49,61,2,'Relógio Digital LED da Puma','Relógio digital LED da puma, com um design chamativo perfeito para o público jovem e urbano.','A Puma, marca fundada na Alemanha em 1948, sempre foi associada ao estilo esportivo. Com o tempo, expandiu seu portfólio para acessórios de moda, incluindo relógios. Nos anos 2000 e início dos anos 2010, houve uma forte tendência de relógios digitais/LED, que misturavam estética retrô com tecnologia simples, perfeita para o público jovem e urbano.\r\n\r\nOs modelos LED da Puma ganharam destaque por serem acessíveis, com design chamativo (cores vibrantes, pulseiras de borracha/plástico, formatos simples) e por serem usados mais como peça de estilo do que por pura função de marcar horas — já que celulares passaram a ocupar esse papel. Há quem lembre desses relógios como parte da infância ou adolescência, quando eram populares em colégios, festas e atividades de lazer.\r\n\r\nCom a evolução tecnológica, relógios inteligentes (smartwatches) e modelos mais avançados de relógios digitais tomaram parte desse espaço, fazendo que muitos modelos LED da Puma fiquem como nostálgicos ou de uso “casual / secundário”.','-Tipo de visor: Digital (LED ou LCD, positivo ou negativo)\r\n-Iluminação: Com luz de fundo (LED) para visualização noturna\r\n-Funções: Horário, podendo incluir data, alarme ou cronômetro simples ("timer")\r\n-Movimento: Digital básico, alimentado por bateria tipo botão (CR2025 ou similar)\r\n-Alimentação: Bateria de lítio tipo botão (CR2025 ou equivalente)\r\n-Material da caixa: Plástico, poliuretano (PU) ou composto semelhante\r\n-Formato da caixa: Arredondado ou levemente quadrado, dependendo do modelo\r\n-Pulseira: Borracha, PU ou plástico flexível, com fecho de fivela\r\n-Cores disponíveis: Diversas — preto, vermelho, azul, verde, neon, etc.\r\n-Resistência à água: 3 ATM (respingos, lavar as mãos, não submergir)\r\n-Dimensões da caixa:\r\nModelos esportivos modernos: 40–45 mm\r\nModelos LED antigos: 30–40 mm\r\n-Peso: Leve — geralmente abaixo de 50–60 gramas\r\n-Uso recomendado: Estilo casual, esportivo leve ou uso diário básico\r\n-Diferencial: Design chamativo, foco no estilo e simplicidade','2025-09-22 14:27:29','2025-09-22 14:27:29'),
(50,62,2,'Modem USB compacto Sierra Wireless','Modem USB compacto da Sierra Wireless para conexão móvel 3G/4G LTE, otimizado para redes AT&T.','O AT&T USB Connect Lightning é um dispositivo modem USB fabricado pela Sierra Wireless, uma empresa canadense líder no desenvolvimento de soluções de conectividade sem fio desde 1993. Esse modem foi projetado para oferecer acesso à internet móvel de alta velocidade utilizando redes 3G/4G LTE, sendo amplamente usado por consumidores e profissionais que precisam de conexão confiável em movimento.\r\n\r\nA parceria com a AT&T, uma das maiores operadoras dos EUA, garantiu que o dispositivo fosse otimizado para as redes móveis norte-americanas, facilitando o acesso à internet via USB em laptops e outros dispositivos compatíveis. O modelo identificado pelo FCC ID N7NU305 é parte da linha USB Connect Lightning da Sierra Wireless, destacando-se pela facilidade de uso, velocidade de conexão e suporte a várias bandas de frequência.','-Fabricante: Sierra Wireless\r\n-Operadora: AT&T (dispositivo certificado e otimizado para redes AT&T)\r\n-Modelo: USB Connect Lightning\r\n-FCC ID: N7NU305\r\n-Tipo de dispositivo: Modem USB para internet móvel (dongle 3G/4G LTE)\r\n-Tecnologias suportadas:\r\n3G (HSPA, UMTS)\r\n4G LTE (Long Term Evolution)\r\n-Bandas suportadas (estimadas):\r\nLTE: bandas típicas norte-americanas (por exemplo, bandas 2, 4, 5, 12, 17)\r\n3G: 850/1900 MHz (dependendo da região)\r\n-Interface: USB 2.0/3.0 (plug and play)\r\n-Compatibilidade de sistema operacional:\r\nWindows (XP, 7, 8, 10 e superiores)\r\nMac OS (versões recentes compatíveis)\r\n-Velocidade máxima teórica:\r\nDownload LTE: até cerca de 100 Mbps (varia conforme a rede)\r\nUpload LTE: até cerca de 50 Mbps\r\n-Alimentação: Energia via porta USB (sem necessidade de fonte externa)\r\n-Segurança: Suporte a conexões seguras via protocolos de rede da operadora\r\n-Dimensões: Compacto, geralmente similar a um pen drive padrão\r\n-Funcionalidades adicionais:\r\nSoftware de gerenciamento de conexão incluído\r\nSuporte para SMS (envio/recebimento pelo software)\r\nLEDs indicativos de status da conexão e atividade\r\n-Certificações: FCC, CE e outras conforme o mercado','2025-09-22 14:33:07','2025-09-22 14:33:07'),
(51,63,2,'Smartwatch Xwear XS9 Ultra 2 Max','Smartwatch Xwear XS9 Ultra 2 Max com tela grande, múltiplos sensores de saúde e funções avançadas, ideal para uso diário e esportivo.','A Xwear é uma marca brasileira que vem ganhando destaque no mercado de wearables ao oferecer smartwatches com bom custo-benefício e design moderno. O modelo XS9 Ultra 2 Max foi desenvolvido para atender consumidores que buscam um relógio inteligente completo, com diversas funções de saúde, esportivas e conectividade, a um preço acessível. Lançado recentemente, o XS9 Ultra 2 Max concilia tecnologia atual com usabilidade simples, conquistando espaço entre usuários que desejam monitorar a saúde, receber notificações e controlar funcionalidades do smartphone diretamente no pulso, sem precisar investir em modelos mais caros de grandes marcas internacionais.','-Modelo: XS9 Ultra 2 Max\r\n-Fabricante: Xwear\r\n-Sistema Operacional: Compatível com Android 5.0+ e iOS 10.0+\r\n-Aplicativo de gerenciamento: FereFit\r\n-Processador: ZK8918D\r\n-Tela: IPS de 2,2 polegadas, resolução 240x296 pixels\r\n-Tamanho da Caixa: 49 mm\r\n-Material da Caixa: Alumínio\r\n-Pulseira: Silicone ou PU, disponível em várias cores\r\n-Bateria: 220 mAh, com carregamento por indução magnética\r\n-Memória RAM: 32 MB\r\n-Conectividade: Bluetooth 5.2\r\n-Resistência à Água: Resistente a respingos e suor (não submergível)\r\nFuncionalidades principais:\r\n-Monitoramento de saúde: batimentos cardíacos, pressão arterial, oxigenação do sangue, temperatura corporal e níveis de glicose\r\n-Modos esportivos: 12 modalidades diferentes\r\n-Monitoramento do sono\r\n-Controle de música e câmera remotamente\r\n-Notificações de chamadas, mensagens e aplicativos\r\n-Assistente de voz para comandos básicos\r\n-Funções adicionais: calculadora, alarme, pedômetro, clima, modo não perturbe, modo de exibição sempre ligado, controle de vídeo curto\r\n-NFC para controle de acesso (não suporta pagamentos)','2025-09-22 14:34:16','2025-09-22 14:34:16'),
(52,64,2,'Controle de videogame G-12U','Gamepad com vibração para PC, com conexão USB, botões programáveis e dois analógicos, voltado para jogos de corrida, ação e simuladores.','O Genius MaxFire G-12U Vibration foi lançado nos anos 2000 como uma alternativa acessível para quem jogava no PC. Desenvolvido pela Genius, empresa taiwanesa especializada em periféricos, o controle ganhou destaque por oferecer função de vibração, analógicos duplos e modo de corrida, algo incomum em gamepads baratos da época.\r\n\r\n\r\nSeu design imitava os padrões de controles de console, com pegada ergonômica e compatibilidade com uma ampla gama de jogos do Windows. Embora hoje esteja ultrapassado frente aos controles modernos com XInput, o G-12U ainda é lembrado como uma opção funcional e econômica da era dos PCs com Windows XP e Vista.','Conexão e compatibilidade\r\n-Conexão: USB (com fio)\r\n-Compatível com: Windows 98, ME, 2000, XP, Vista (pode funcionar em versões mais recentes com drivers genéricos)\r\nControles e botões\r\n-10 botões programáveis\r\n-2 alavancas analógicas (sticks)\r\n-D-pad com 8 direções\r\n-4 botões de ombro\r\n-LED indicador de modo ativo\r\nModos de operação\r\n-Modo Digital\r\n-Modo Analógico\r\n-Modo Corrida (“Racing Mode”) – simula controle de volante\r\n Vibração\r\n-Motor duplo de vibração (feedback tátil) em jogos compatíveis\r\nDesign e dimensões\r\n-Design ergonômico com apoio confortável\r\n-Comprimento do cabo: ~1,7 metros\r\n-Dimensões aproximadas: 15 × 11 × 8 cm','2025-11-03 13:05:09','2025-11-03 13:05:09'),
(53,65,2,'GPS Aquarius','É um GPS Aquarius da linha Discovey Channel','A linha de GPS da Aquarius, licenciada com a marca Discovery Channel, surgiu no Brasil nos anos 2010 como uma alternativa acessível e multifuncional aos sistemas de navegação veicular. Com o aumento da demanda por dispositivos portáteis que combinassem tecnologia de navegação, entretenimento e recursos automotivos, a Aquarius apostou em modelos compactos, com sistema operacional Windows CE, mapas atualizados, e visual moderno.\r\n\r\nO modelo MTC-3842 foi um dos lançamentos que refletiu bem essa proposta. Lançado por volta de 2013–2014, esse GPS veio com uma tela de 4,3 polegadas, oferecendo recursos além da simples navegação: como TV digital, entrada para câmera de ré, e reprodutor multimídia de áudio, vídeo e imagens.\r\n\r\nO MTC-3842 se destacava por:\r\n\r\n-Ter visualização 3D de mapas e monumentos;\r\n\r\n-Oferecer alertas de radares com atualização gratuita;\r\n\r\n-Incluir uma câmera de ré analógica, um diferencial incomum para GPSs dedicados na época;\r\n\r\n-Trazer suporte para cartão de memória, facilitando a expansão de mapas e conteúdos.\r\n\r\nSeu sistema baseado em Windows CE 6.0 permitia flexibilidade para usar diferentes softwares de navegação, como o iGO e similares. Apesar de ser superado em popularidade por smartphones com apps como Google Maps e Waze, o GPS MTC-3842 foi bastante usado por motoristas que buscavam um aparelho independente, sem necessidade de internet móvel e com funções dedicadas para o carro.\r\n\r\nCom o tempo, a linha Aquarius Discovery deixou de receber novos modelos e atualizações mais robustas, sendo descontinuada, mas ainda é lembrada por oferecer boa relação custo-benefício para a época.','Tela\r\n-Tamanho: 4,3 polegadas (touchscreen resistiva)\r\n-Resolução: 480 × 272 pixels\r\n-Interface colorida com modo noturno e diurno\r\n Hardware\r\n-Processador: 500 MHz\r\n-Memória RAM: 128 MB\r\n-Armazenamento interno: 2 GB\r\n-Expansão: Slot para cartão MicroSD (até 32 GB)\r\n Navegação\r\n-Mapas 3D de ~1.403 cidades brasileiras\r\n-~2.600.000 pontos de interesse (postos, hotéis, hospitais, etc.)\r\n-Visualização de monumentos em 3D\r\n-Modos de rota: curta, rápida, econômica, pedestre\r\n-Alerta de radares com atualização via PC\r\n-Recálculo automático de rota\r\n-Orientações por voz em português\r\nTV e multimídia\r\n-TV digital integrada (com antena interna e suporte para externa)\r\n-Reprodução de áudio: MP3, WMA\r\n-Reprodução de vídeo: MP4, AVI, ASF, 3GP, MPG, WMV\r\n-Imagens: JPEG, BMP, PNG, GIF\r\n-Leitor de texto: arquivos TXT\r\n-Transmissor FM: envia o áudio do GPS para o rádio do carro\r\nCâmera de ré\r\n-Entrada para câmera de ré analógica (inclusa no kit)\r\n-Ativação automática ao engatar a marcha ré\r\nSistema e conectividade\r\n-Sistema operacional: Windows CE 6.0\r\n-Conexões:\r\nPorta mini USB (para carregamento e atualização)\r\nEntrada para fone de ouvido (3,5 mm)\r\nSlot MicroSD\r\nIdioma do sistema: Português (com opções multilíngue)\r\nEnergia e bateria\r\n-Bateria interna recarregável (autonomia limitada, cerca de 1 a 2h)\r\n-Carregador veicular bivolt incluso\r\n-Fonte de alimentação: 12 V (via adaptador de carro)\r\nDimensões e peso\r\n-Dimensões aproximadas: 11,9 × 8 × 1,2 cm\r\n-Peso: cerca de 130 g\r\n Itens inclusos no kit\r\n-GPS Aquarius Discovery MTC-3842\r\n-Suporte veicular com ventosa\r\n-Cabo USB\r\n-Carregador veicular\r\n-Antena de TV digital (embutida ou externa)\r\n-Câmera de ré\r\n-Manual do usuário','2025-11-03 13:07:47','2025-11-03 13:08:08'),
(54,66,2,'Teclado Japonês','Teclado USB compacto com 89 teclas, mecanismo tipo notebook (pantógrafo) e layout japonês, ideal para uso em espaços reduzidos.','O Elecom TK‑U89MPSV faz parte da linha TK‑U89MP, uma série de teclados compactos desenvolvidos pela Elecom, uma tradicional empresa japonesa de periféricos. Lançado no início dos anos 2000, esse modelo foi criado para oferecer uma experiência de digitação confortável em um formato reduzido, especialmente útil para usuários que buscavam teclados finos e silenciosos, semelhantes aos de notebooks.\r\n\r\nO modelo TK‑U89MPSV traz um layout japonês (JIS) com 89 teclas, conexão USB com fio, e teclas pantográficas, que oferecem maior estabilidade ao digitar, mesmo pressionando nas bordas. A versão "SV" indica a cor prateada (silver), uma das opções disponíveis na linha, ao lado de preto (BK) e cinza claro (LG).\r\n\r\nO teclado foi pensado para sistemas Windows mais antigos, como Windows 98, ME, 2000 e XP, o que o torna hoje um produto de nicho, voltado para quem mantém computadores antigos ou busca periféricos vintage. Seu design minimalista, com perfil fino e cabo de 1,5 metro, agradava principalmente usuários de escritório ou home office com pouco espaço disponível.\r\n\r\nApesar da boa aceitação na época, o modelo foi descontinuado pela Elecom após alguns anos, com o avanço dos teclados sem fio, mecânicos e com layouts internacionais. Ainda assim, o TK‑U89MPSV é lembrado por muitos como um teclado robusto, confortável e funcional.','Conexão e compatibilidade  \r\n-Interface: USB (com fio)\r\nCompatibilidade: Windows 98, ME, 2000, XP\r\n-Arquitetura compatível: PC-AT\r\nTeclado\r\n-Tipo: Teclado compacto de 89 teclas\r\n-Layout: Japonês (JIS)\r\n-Mecanismo das teclas: Pantógrafo (tipo notebook)\r\n-Teclas silenciosas, com acionamento suave\r\n-LED indicador de Caps Lock\r\n Design\r\n-Cor do modelo: Prata (SV – Silver)\r\n-Outros modelos da linha: Preto (BK), Cinza Claro (LG)\r\n-Dimensões: 299 mm (largura) × 165 mm (profundidade) × 30 mm (altura)\r\n-Peso: 475 g\r\n-Cabo: 1,5 metro de comprimento\r\n-Design fino e compacto, ideal para uso em espaços reduzidos\r\nExtras\r\n-Suporte a alternância de layout (via software de 101/106 teclas)\r\n-Produto descontinuado oficialmente pela Elecom\r\n-Garantia original: 6 meses\r\n-Recomendado para uso em escritório, digitação leve e setups vintage','2025-11-03 13:12:32','2025-11-03 13:12:32'),
(55,67,2,'Regulador de Voltagem 1960','Regulador de voltagem analógico da Televolt, modelo RM, desenvolvido para estabilizar a tensão elétrica fornecida a televisores, garantindo operação segura e prolongando a vida útil dos aparelhos.','O regulador de voltagem Televolt RM foi desenvolvido na década de 1960 pela empresa brasileira Televolt, especializada em equipamentos eletrônicos voltados para a recepção de sinais de televisão. Naquela época, as variações de tensão elétrica eram comuns e podiam danificar aparelhos sensíveis como televisores. Para mitigar esse problema, a Televolt criou o modelo RM, um estabilizador analógico projetado especificamente para TVs.\r\n\r\nO modelo RM era caracterizado por seu design robusto, com caixa metálica e visor analógico que indicava a tensão de saída. Ele era conectado entre a tomada elétrica e a televisão, regulando automaticamente a voltagem para níveis seguros de operação. Esse regulador foi amplamente utilizado em residências brasileiras durante as décadas de 1960 e 1970, especialmente em áreas com fornecimento de energia elétrica instável.\r\n\r\nCom o avanço da tecnologia e a introdução de estabilizadores digitais mais eficientes, o modelo RM foi gradualmente descontinuado. No entanto, ele permanece como um ícone da engenharia elétrica brasileira da época, sendo valorizado por colecionadores e entusiastas de equipamentos vintage.','-Tipo: Regulador de voltagem analógico\r\n-Aplicação: Televisores CRT (tubos de imagem)\r\n-Entrada: 110V ou 220V (dependendo da versão)\r\n-Saída: 110V ou 220V estabilizados\r\n-Capacidade de carga: Aproximadamente 100 a 150 watts\r\n-Visor: Analógico, com ponteiro indicando a tensão de saída\r\n-Controle: Ajuste manual de tensão via potenciômetro\r\n-Construção: Caixa metálica com acabamento em pintura epóxi\r\n-Peso: Cerca de 2 a 3 kg\r\n-Dimensões: Aproximadamente 25 cm (largura) x 15 cm (profundidade) x 15 cm (altura)\r\n-Cor: Geralmente em tons de verde ou cinza\r\n-Ano de fabricação: Década de 1960-\r\n-Status atual: Descontinuado; modelo vintage','2025-11-03 13:13:47','2025-11-03 13:13:47'),
(56,68,2,'Teclado Sem Fio Exbom BK-S1000','Teclado sem fio da marca Exbom BK-S1000 com design slim, conexão 2,4 GHz e layout ABNT2.','O BK-S1000 foi lançado como uma solução de baixo custo para usuários que buscam praticidade no uso diário do computador, principalmente em ambientes de escritório e home office. Ele combina um teclado de perfil baixo (slim) e um mouse óptico, ambos conectados através de um único receptor USB de 2,4 GHz. Pensado especialmente para o mercado brasileiro, o teclado utiliza o padrão ABNT2, incluindo a tecla “ç”, o que o torna adequado para digitação em português. O kit é amplamente distribuído em lojas de informática e varejo, sendo conhecido por seu bom custo-benefício e visual simples. Geralmente, é vendido nas cores preto ou branco e com garantia padrão de fabricação.','Marca: Exbom\r\nModelo: BK-S1000\r\nTipo: Kit sem fio (teclado + mouse)\r\nConexão: Wireless 2,4 GHz via receptor USB\r\nAlcance: Aproximadamente 10 metros\r\nLayout do Teclado: ABNT2 (com “ç”)\r\nPerfil das Teclas: Baixo (slim)\r\nAlimentação: Pilhas AAA (teclado e mouse)\r\nCompatibilidade: Windows (versões antigas e atuais)\r\nDimensões aproximadas: 40 cm (largura) x 12 cm (profundidade) x 2 cm (altura)','2025-11-03 13:46:39','2025-11-03 13:46:39'),
(57,69,2,'Telefone de Audioconferência IPR 800','Telefone de audioconferência Intelbras IPR 800 com microfone omnidirecional e viva-voz para reuniões em salas pequenas e médias.','O Intelbras IPR 800 foi desenvolvido para atender salas de reunião que precisam realizar conferências telefônicas sem o uso de computadores ou plataformas digitais. Por ser um equipamento autônomo, ele funciona diretamente pela linha telefônica, permitindo conversas em grupo com captação clara de voz. Foi muito utilizado em empresas, repartições públicas e escritórios durante os anos em que ligações telefônicas fixas eram o principal meio de conferência. Seu design circular e microfones laterais permitem que várias pessoas ao redor da mesa sejam ouvidas sem necessidade de passar o aparelho de mão em mão, tornando reuniões mais naturais. Mesmo hoje, continua sendo utilizado em ambientes corporativos que ainda utilizam telefonia convencional.','Marca: Intelbras\r\nModelo: IPR 800\r\nTipo: Telefone para audioconferência (com viva-voz)\r\nForma de conexão: Linha telefônica analógica (POTS)\r\nMicrofone: Omnidirecional, captação 360°\r\nAlcance de captação: Aproximadamente 2 metros ao redor do aparelho\r\nTeclado: Numérico + teclas de função\r\nDisplay: LCD com informações de chamada\r\nÁudio:\r\n-Viva-voz embutido com alto-falante central\r\n-Cancelamento de eco e redução de ruído\r\nFunções adicionais:\r\n-Mudo (mute)\r\n-Rediscar\r\n-Ajuste de volume\r\n-Indicação luminosa de chamada\r\nAlimentação: Fonte externa + linha telefônica\r\nDimensões aproximadas: 28 cm (diâmetro) x 6 cm (altura)\r\nPeso aproximado: 1 kg\r\nIndicado para: Salas de até 6 pessoas','2025-11-03 13:48:14','2025-11-03 13:48:47'),
(58,70,2,'GPS Garmin eTrex Legend','GPS portátil Garmin eTrex Legend, compacto e resistente, ideal para navegação em trilhas, campo, navegação náutica e atividades ao ar livre.','O eTrex Legend faz parte da família eTrex, uma das linhas mais populares de GPS de mão produzidas pela Garmin, criada para atender praticantes de atividades ao ar livre como trekking, ciclismo, camping e navegação em pequenos barcos. Lançado em uma época em que o acesso à navegação por satélite ainda estava se tornando comum, o Legend se destacou por ser portátil, robusto e fácil de operar com apenas uma mão. Seu corpo é resistente à água, possui tela monocromática visível sob sol e pode armazenar rotas, trajetos e pontos marcados pelo usuário. Tornou-se muito usado por escoteiros, topógrafos, aventureiros, pescadores e trilheiros por sua autonomia longa e confiabilidade mesmo quando sem sinal de celular. Foi um dos GPS de mão mais vendidos da Garmin durante anos.','Marca: Garmin\r\nModelo: eTrex Legend\r\nTipo: GPS portátil de mão\r\nTela: LCD monocromática, aproximadamente 2" (visível sob luz solar)\r\nResistência: À prova d’água (padrão IPX7)\r\nMemória interna: Capacidade para armazenar pontos de rota, trilhas e trajetos (quantidade varia por versão)\r\nMapas: Compatível com mapas básicos (em alguns modelos, suportam mapas adicionais via software)\r\nConexões: Porta de comunicação (geralmente serial / PC cable)\r\nAlimentação: 2 pilhas AA\r\nAutonomía: Aproximadamente 15 a 20 horas de uso contínuo (dependendo da qualidade das pilhas)\r\nReceptor GPS: Captação de sinal via satélite GPS (sem necessidade de internet)\r\nPeso: Cerca de 150 g com pilhas\r\nIndicações de uso:\r\n-Trilhas e trekking\r\n-Navegação terrestre\r\n-Pesca e navegação simples\r\n-Marcação de pontos de referência\r\n-Geocaching','2025-11-03 13:49:43','2025-11-03 13:49:43'),
(59,71,2,'Televisor Portátil TFT-32','Televisor portátil Quanta TFT-325, com tela LCD colorida, ideal para uso móvel e ambientes compactos.','O Quanta TFT-325 é um televisor portátil desenvolvido para situações em que praticidade e mobilidade são importantes, como viagens, carros, trailers, pequenas bancadas, áreas externas ou locais com espaço reduzido. Durante o período em que TVs analógicas ainda eram amplamente utilizadas, esse modelo oferecia a conveniência de ter uma tela colorida TFT LCD em tamanho compacto, permitindo assistir transmissões abertas com antena externa ou entradas auxiliares, dependendo da versão. Também era comum seu uso em oficinas, segurança eletrônica, estúdios pequenos e exposições, por ser leve e fácil de transportar. Como funciona com alimentação DC 9V, podia ser ligado tanto em fonte externa quanto em adaptadores automotivos (veicular), reforçando seu caráter portátil.','Marca: Quanta\r\nModelo: TFT-325\r\nTipo: Televisor portátil / Mini TV\r\nTela: TFT LCD colorida\r\nTamanho da tela: (varia entre versões — geralmente de 3" a 5")\r\nResolução: Baixa a média (própria para TV analógica ou vídeo composto)\r\nSinal suportado: TV analógica (sistemas VHF/UHF)\r\nAlimentação: DC 9V (adaptador externo ou bateria veicular/acessório compatível)\r\n-Conexões usuais:\r\n-Entrada AV (vídeo composto) em algumas versões\r\n-Entrada para antena externa\r\nAlto-falante: Embutido\r\nUso recomendado:\r\n-Ambientes pequenos\r\n-Bancadas de manutenção\r\n-Veículos\r\n-Acampamentos ou locais sem TV convencional\r\nPortabilidade: Leve e fácil de transportar\r\nCor: Geralmente preta ou cinza','2025-11-03 13:50:48','2025-11-03 13:51:16'),
(60,9,3,'Satellite AK – XP3 keyboard','Black Satellite AK – XP3 keyboard with blue and silver accents.',NULL,'Brand: Satellite. Line: AK. Model: CP3. Year: 1999. PS/2 and USB. Shortcut keys for multimedia and apps. Cable 1.5 m. ~50.5×24×3.6 cm. Windows 95–XP.','2026-03-29 12:00:00','2026-03-29 12:00:00'),
(61,10,3,'Western Digital WD Blue 500 GB 7200 RPM HDD','Western Digital hard drive, 500 GB.',NULL,'Model WD5000AAKX. 3.5" SATA III HDD. 7200 rpm, 16 MB cache. 500 GB. ~101.6×147×25.4 mm, 490.7 g. Windows 7/8.1/10.','2026-03-29 12:00:00','2026-03-29 12:00:00'),
(62,11,3,'MSI MS-7309 LGA AM2 DDR2 motherboard','Red MSI motherboard for AMD Athlon 64 / Athlon 64 X2.',NULL,'MSI ms-7309 v1.3. NVIDIA GeForce 6100 / nForce 430 (MCP61). Socket AM2/AM2+. Up to 4 GB DDR2. Made in Manaus industrial park.','2026-03-29 12:00:00','2026-03-29 12:00:00'),
(63,12,3,'Olivetti typewriter','Olivetti Linea 98 manual typewriter.',NULL,'Made from 1971. Manual standard; 46 keys / 92 characters. Metal and plastic bodies; design by Mario Bellini. Produced in Italy and Brazil until 1995.','2026-03-29 12:00:00','2026-03-29 12:00:00'),
(64,13,3,'IBM typewriter','IBM 6746 electric typewriter.',NULL,'Manufactured 1984. Sealed membrane keyboard; dual-language layout. Automatic correction buffer; 16 cps burst at 10 pitch; 7.1 KB RAM.','2026-03-29 12:00:00','2026-03-29 12:00:00'),
(65,14,3,'Rima XT 250 printer','Rima XT 250 dot-matrix impact printer.',NULL,'120 W, 60 Hz. 250 cps, 136 columns. Max form width 16". Stepper motors; ~300M character print head life.','2026-03-29 12:00:00','2026-03-29 12:00:00'),
(66,15,3,'Panasonic NV-MV40 VHS player','Panasonic NV-MV40 VHS video cassette player.',NULL,'VHS 5-head Jet Navigator. Model NV-MV40.','2026-03-29 12:00:00','2026-03-29 12:00:00'),
(67,16,3,'Philco DV-PIX20 DVD player','Philco DV-PIX20 DVD player.',NULL,'NTSC video. DVD±R/RW, SVCD, VCD, CD-DA, karaoke. Composite and S-Video out; stereo RCA. MP3 and digital zoom.','2026-03-29 12:00:00','2026-03-29 12:00:00'),
(68,17,3,'Logitech M280 wireless mouse','Wireless mouse with rubberized body and ergonomic right-hand shape.',NULL,'Logitech M280. 1000 DPI optical. 2.4 GHz, ~10 m range. 1×AA. Three buttons.','2026-03-29 12:00:00','2026-03-29 12:00:00'),
(69,19,3,'Epson LX-300+II dot-matrix printer','Epson LX-300+II dot-matrix printer (2007).',NULL,'9-pin, 80 columns, USB 1.1. ~49 dB. Windows 2000/XP/7/8. 366×275×159 mm, 4.4 kg.','2026-03-29 12:00:00','2026-03-29 12:00:00'),
(70,20,3,'Gigabyte GA-VM900M motherboard','Gigabyte GA-VM900M 775 DDR2 with Intel Core 2 Duo support.',NULL,'VIA P4M900 / 8237A. LGA775, DDR2 up to 4 GB. Onboard graphics and audio.','2026-03-29 12:00:00','2026-03-29 12:00:00'),
(71,21,3,'Samsung GT-E1086L phone','Samsung GT-E1086L candy-bar phone (2011).',NULL,'Black/red. No camera. 1.4" display, 200 KB internal. No 3G/Wi-Fi/Bluetooth. 800 mAh battery.','2026-03-29 12:00:00','2026-03-29 12:00:00'),
(72,22,3,'BASF audio cassette','BASF FS audio cassette tape.',NULL,'60 minutes; rewritable; not blank virgin tape.','2026-03-29 12:00:00','2026-03-29 12:00:00'),
(73,23,3,'Gigabyte GA-H81M-S1 LGA1150 motherboard','Gigabyte GA-H81M-S1 DDR3 for Intel 4th gen.',NULL,'Intel H81, LGA1150, micro-ATX. Up to 16 GB DDR3. Realtek GbE.','2026-03-29 12:00:00','2026-03-29 12:00:00'),
(74,24,3,'PCYes AMD Radeon R5 230 2 GB','PCYes Radeon R5 230 2 GB DDR3 64-bit.',NULL,'Entry GPU. VGA, DVI, HDMI. ~5.5×18.5×30.5 cm, 350 g.','2026-03-29 12:00:00','2026-03-29 12:00:00'),
(75,25,3,'D-Link DWA-525 PCIe Wi-Fi card','D-Link DWA-525 wireless PCI card.',NULL,'802.11b/g/n 150 Mbps. External antenna. Windows 7/Vista/XP/2000.','2026-03-29 12:00:00','2026-03-29 12:00:00'),
(76,26,3,'HP Pavilion Slimline SKV270 PSU','Power supply for HP Pavilion Slimline SKV270.',NULL,'~300 W. ATX-style. 48 mm fan. 24-pin ATX + 4-pin 12V + 3× SATA.','2026-03-29 12:00:00','2026-03-29 12:00:00'),
(77,27,3,'Intel Celeron 2.40 GHz (SL6VU)','Intel Celeron 128K cache 2.40 GHz 400 MHz FSB.',NULL,'Single-core, Socket PPGA478. 130 nm, 2.4 GHz, 128 KB L2, 59.8 W TDP.','2026-03-29 12:00:00','2026-03-29 12:00:00'),
(78,28,3,'Intel Celeron D 315','Intel Celeron D 315 processor.',NULL,'2.26 GHz, 256 KB L2, 533 MHz bus, 90 nm, 73 W. Malaysia, 2007.','2026-03-29 12:00:00','2026-03-29 12:00:00'),
(79,29,3,'Intel Celeron G1610','Intel Celeron G1610 2.6 GHz.',NULL,'Dual-core Ivy Bridge, LGA1155, 2.6 GHz, 22 nm, 55 W, Intel HD Graphics.','2026-03-29 12:00:00','2026-03-29 12:00:00'),
(80,30,3,'Intel Celeron G465','Intel Celeron G465 processor.',NULL,'1.90 GHz, 1C/2T, LGA1155, 32 nm, 35 W, 1.5 MB L3.','2026-03-29 12:00:00','2026-03-29 12:00:00'),
(81,31,3,'Intel Celeron D 2.26 GHz','Intel Celeron D 2.26 GHz / 256 / 533.',NULL,'Single-core, PPGA478, 90 nm.','2026-03-29 12:00:00','2026-03-29 12:00:00'),
(82,32,3,'Philco PVC-8200 VCR','Philco PVC-8200 VHS VCR with Auto Head Cleaning.','The PVC-8200 was a consumer VHS deck; Auto Head Cleaning reduced head wear and kept picture stable. Widely used in homes, schools, and churches before digital TV.','VHS recorder/player. Auto head cleaning. RCA video/audio; RF out. Bivolt. Typical 1990s Philco Brazil market.','2026-03-29 12:00:00','2026-03-29 12:00:00'),
(83,34,3,'Acer Aspire laptop','Acer Aspire 4743 / 4743Z series laptop.','Donated artifact from Fábio Hernandes.','Intel Core i5-460M, 14" display, 4 GB DDR3, 640 GB HDD, DVD drive.','2026-03-29 12:00:00','2026-03-29 12:00:00'),
(84,37,3,'Samsung U600','Purple Samsung U600 slider phone.','Ultra-slim slider (2007); touch-sensitive call keys; internal clock rolled over after 2016 — a collector in-joke.','2.2" QVGA, 3.2 MP camera, microSD, GSM/EDGE, Bluetooth 2.0.','2026-03-29 12:00:00','2026-03-29 12:00:00'),
(85,38,3,'LG GT350 (LG Town)','LG GT350 touchscreen with side-slide QWERTY.','2010 feature phone focused on Facebook, Twitter, and MSN.','3" resistive touch, 2 MP camera, microSD up to 8 GB, 950 mAh.','2026-03-29 12:00:00','2026-03-29 12:00:00'),
(86,39,3,'MIDI Japan MD-95MP6','Dual-slider feature phone.','Early 2010s generic dual-slide phone with MP3/MP4 and dual SIM.','2" display, Bluetooth, GPRS, microSD, FM radio.','2026-03-29 12:00:00','2026-03-29 12:00:00'),
(87,40,3,'Samsung GT-E2530 flip phone','Samsung GT-E2530 flip (clamshell) phone.','2011 flip phone with hidden outer display and classic Samsung power-on sounds.','2" internal TFT, 1.3 MP, microSD up to 8 GB, FM radio with recording.','2026-03-29 12:00:00','2026-03-29 12:00:00'),
(88,41,3,'Mini phone (generic)','Compact phone resembling early iPhone clones.','2008–2012 Chinese generic; basic calls, SMS, MP3, fake home button.','Dual SIM, micro USB, FM, LED flash, ~2.8" screen.','2026-03-29 12:00:00','2026-03-29 12:00:00'),
(89,42,3,'iPhone 3GS','Third-generation iPhone.','June 2009; first iPhone with video recording and voice control; “S” for Speed.','3.5" 320×480, Cortex-A8 600 MHz, 256 MB RAM, 3 MP camera, iOS 3–6.1.6.','2026-03-29 12:00:00','2026-03-29 12:00:00'),
(90,43,3,'Nokia E71-style clone','QWERTY “corporate” style phone (non-genuine Nokia).','Inspired by Nokia E71; knock-offs had weaker build and limited software.','Resistive screen, claimed 12 MP camera unlikely accurate; generic OS.','2026-03-29 12:00:00','2026-03-29 12:00:00'),
(91,44,3,'BLU Jenny TV 2.8 T276T','BLU Jenny 2.8 basic phone with analog TV.','2015-era BLU feature phone for Latin America; TV and dual SIM.','2.8" QVGA, dual SIM, FM, VGA camera, 1450 mAh.','2026-03-29 12:00:00','2026-03-29 12:00:00'),
(92,45,3,'Nokia C3-00','Nokia C3-00 QWERTY Wi-Fi feature phone.','April 2010; Wi-Fi and social apps; popular with students in Brazil.','2.4" TFT, Series 40, no 3G, 2 MP camera, 1320 mAh.','2026-03-29 12:00:00','2026-03-29 12:00:00'),
(93,46,3,'Nokia X1-01','Nokia X1-01 dual-SIM music phone.','June 2011 Series 30; long battery life and loud speaker.','1.8" 128×160, dual SIM, no camera, 1320 mAh.','2026-03-29 12:00:00','2026-03-29 12:00:00'),
(94,47,3,'Samsung GT-C3312','Samsung Champ Deluxe Duos touch dual-SIM.','2012 resistive touch, TouchWiz Lite, no Wi-Fi.','2.8" QVGA, 1.3 MP, Bluetooth 3.0, microSD 16 GB.','2026-03-29 12:00:00','2026-03-29 12:00:00'),
(95,48,3,'Samsung C3510 Genoa','Samsung C3510 Genoa touch feature phone.','Late 2009 social-focused touchscreen before Galaxy dominance.','2.8" resistive, 1.3 MP, Bluetooth 2.1.','2026-03-29 12:00:00','2026-03-29 12:00:00'),
(96,49,3,'Positivo Selfie','Positivo Selfie budget selfie phone.','2015 Brazil-market phone emphasizing front camera.','4.5" IPS, quad-core, 8 MP front / 5 MP rear, Android 5.0.','2026-03-29 12:00:00','2026-03-29 12:00:00'),
(97,50,3,'Foston FS-66','Foston FS-66 MP3/MP4 player.','Mid-2000s compact player; forums swapped firmware.','1.5" color display, 1 GB, FM, voice record, MP3/WMA/AVI.','2026-03-29 12:00:00','2026-03-29 12:00:00'),
(98,51,3,'Philips GoGear SA3VBE04K','Philips GoGear SA3VBE 4 GB digital audio player.','Early 2010s Walkman-class player with Songbird and FullSound.','1.5" TFT, MP3/WMA/WAV/FLAC, USB, ~20 h playback.','2026-03-29 12:00:00','2026-03-29 12:00:00'),
(99,52,3,'Mondial RP-03 radio','Mondial RP-03 portable multiband radio.','AM/FM/SW portable with clock and alarm.','AA or 3 V DC, headphone jack, ~1 W.','2026-03-29 12:00:00','2026-03-29 12:00:00'),
(100,53,3,'Philco PH60 radio','Philco PH60 World Receiver (2010).','Portable multiband receiver for AM/FM/SW.','10 bands, digital tuning, telescopic antenna.','2026-03-29 12:00:00','2026-03-29 12:00:00'),
(101,54,3,'Casio SF-5500B organizer','Casio SF-5500B 128 KB business organizer.','1995 Thailand; contacts, calendar, memo, expense tracker.','128 KB, 16×4 LCD, CR2032 batteries.','2026-03-29 12:00:00','2026-03-29 12:00:00'),
(102,55,3,'Toshiba Satellite 2455-S305','Toshiba Satellite 2455-S305 desktop-replacement notebook.','2002 Pentium 4 multimedia laptop with Harman/Kardon audio.','P4 2.4 GHz, 512 MB RAM, 60 GB HDD, 15" XGA, GeForce4 420 Go, DVD-R/RW, Win XP.','2026-03-29 12:00:00','2026-03-29 12:00:00'),
(103,56,3,'Toshiba Satellite Pro T2150CDS/520','Toshiba Satellite Pro T2150CDS/520 (1995).','486DX4 laptop with built-in 2× CD-ROM for early multimedia.','75 MHz 486DX4, 500 MB HDD, 10.4" DSTN, DOS/Windows 3.11.','2026-03-29 12:00:00','2026-03-29 12:00:00'),
(104,57,3,'Toshiba Satellite 2065CDS/4.3','Toshiba Satellite 2065CDS/4.3 with AMD K6-2.','~1999 entry Satellite with 366 MHz K6-2 and 4.3 GB disk.','32 MB RAM, 24× CD-ROM, 12.1" dual-scan, Win 98.','2026-03-29 12:00:00','2026-03-29 12:00:00'),
(105,58,3,'MOXPAD 840 4G tablet','Generic MOXPAD 840 4G tablet (China).','Budget P.R.C. tablet with accessories; limited documentation.','~8–10" touchscreen, DC 9 V, microSD, basic Android-era hardware.','2026-03-29 12:00:00','2026-03-29 12:00:00'),
(106,59,3,'Elsys 4100 satellite receiver','Elsys 4100 analog C-band satellite TV receiver.','Popular in rural Brazil for free-to-air analog satellite before digital migration.','Banda C, H/V switching, channel memory, RCA outputs.','2026-03-29 12:00:00','2026-03-29 12:00:00'),
(107,60,3,'Gradiente speaker','Gradiente passive satellite speaker from a 5.1 set.','2000s Brazil home-theater satellite; Gradiente audio heritage.','~30–60 W, 4–8 Ω, full-range driver, bass reflex ports.','2026-03-29 12:00:00','2026-03-29 12:00:00'),
(108,61,3,'Puma digital LED watch','Puma digital LED watch.','2000s sporty LED/LCD fashion watches.','Backlight, alarm/timer, 3 ATM, rubber strap.','2026-03-29 12:00:00','2026-03-29 12:00:00'),
(109,62,3,'Sierra Wireless USB modem (AT&T)','Sierra Wireless AT&T USB Connect Lightning modem.','3G/4G LTE USB dongle for laptops (FCC N7NU305).','LTE/3G bands for North America; plug-and-play Windows/Mac.','2026-03-29 12:00:00','2026-03-29 12:00:00'),
(110,63,3,'Xwear XS9 Ultra 2 Max smartwatch','Xwear XS9 Ultra 2 Max smartwatch.','Brazilian-value wearable with health sensors and sports modes.','2.2" IPS, Bluetooth 5.2, 220 mAh, heart rate and SpO2 style sensors (wellness).','2026-03-29 12:00:00','2026-03-29 12:00:00'),
(111,64,3,'Genius MaxFire G-12U gamepad','Genius MaxFire G-12U USB gamepad with vibration.','2000s PC gamepad with dual analog and racing mode.','10 buttons, dual sticks, vibration, USB, Windows 98–Vista.','2026-03-29 12:00:00','2026-03-29 12:00:00'),
(112,65,3,'Aquarius Discovery GPS MTC-3842','Aquarius Discovery Channel licensed GPS navigator.','2013–2014 Brazil portable navigator with TV and reverse camera input.','4.3" WinCE 6, iGO-style maps, digital TV, reverse camera.','2026-03-29 12:00:00','2026-03-29 12:00:00'),
(113,66,3,'Elecom TK-U89MPSV keyboard','Elecom TK-U89MPSV 89-key Japanese USB keyboard.','Early 2000s compact scissor (pantograph) JIS keyboard.','89 keys, 1.5 m cable, silver, Windows 98–XP.','2026-03-29 12:00:00','2026-03-29 12:00:00'),
(114,67,3,'Televolt RM voltage regulator','Televolt RM analog voltage regulator (1960s).','Stabilized mains for CRT TVs in unstable grid areas.','~100–150 W, analog meter, metal case.','2026-03-29 12:00:00','2026-03-29 12:00:00'),
(115,68,3,'Exbom BK-S1000 wireless keyboard','Exbom BK-S1000 slim wireless keyboard (ABNT2).','Budget 2.4 GHz keyboard + mouse kit for Brazil layout.','AAA powered, ~10 m range.','2026-03-29 12:00:00','2026-03-29 12:00:00'),
(116,69,3,'Intelbras IPR 800 conference phone','Intelbras IPR 800 analog conference phone.','Tabletop speakerphone for small meeting rooms.','Omni mic, mute, LCD, PSTN analog.','2026-03-29 12:00:00','2026-03-29 12:00:00'),
(117,70,3,'Garmin eTrex Legend','Garmin eTrex Legend handheld GPS.','Popular hiking/boat GPS before smartphones; waterproof IPX7.','Monochrome LCD, serial/USB era, AA batteries, waypoints and tracks.','2026-03-29 12:00:00','2026-03-29 12:00:00'),
(118,71,3,'Quanta TFT-325 portable TV','Quanta TFT-325 portable color LCD TV.','Compact analog TV for travel, cars, or bench use.','Small TFT, 9 V DC, external antenna, built-in speaker.','2026-03-29 12:00:00','2026-03-29 12:00:00');

CREATE TABLE `item_images` (
  `id` bigint unsigned NOT NULL AUTO_INCREMENT,
  `item_id` bigint unsigned DEFAULT NULL,
  `path` text NOT NULL,
  `type` enum('cover','gallery','qrcode') NOT NULL,
  `sort_order` int unsigned NOT NULL DEFAULT '0',
  `created_at` timestamp NULL DEFAULT NULL,
  `updated_at` timestamp NULL DEFAULT NULL,
  PRIMARY KEY (`id`),
  KEY `item_images_item_id_type_index` (`item_id`,`type`),
  CONSTRAINT `item_images_item_id_foreign` FOREIGN KEY (`item_id`) REFERENCES `items` (`id`) ON DELETE SET NULL
) ENGINE=InnoDB DEFAULT CHARSET=utf8mb4 COLLATE=utf8mb4_unicode_ci;

INSERT INTO `item_images` VALUES (1,9,'items/9/eksN8WHplW3U5iQGBtpgmHpscyOTuSUn6BClTsy0.jpg','cover',0,'2024-06-28 03:35:31','2024-06-28 03:45:07'),(2,10,'items/10/oPvzpaKq3RdM8yWQ7KMKXtmrvgExyG4ftlQSxJdJ.jpg','cover',0,'2024-06-28 03:40:55','2024-06-28 03:40:55'),(3,11,'items/11/VmgXA5zNq3W058ULwbAEa5YvHuthXqfBuYf4Kg52.jpg','cover',0,'2024-06-28 03:50:40','2024-06-28 03:50:40'),(4,12,'items/12/Oh6XFKrlNnAumtjRLGl7IUbq6V7vgzB9S4yNzr1J.png','cover',0,'2024-06-28 03:55:17','2024-06-28 03:55:17'),(5,13,'items/13/lLYHhTt2MjgZiNrR3JVid1TKcFJBivl5Uihm2ki7.png','cover',0,'2024-06-28 03:57:35','2024-06-28 03:57:35'),(6,14,'items/14/FwlOro6sHtgGLiPwGvlDv9OScbzJPRS82JD3HTAn.png','cover',0,'2024-06-28 03:59:27','2024-06-28 03:59:27'),(7,15,'items/15/BS2QU6SGvH7TkbtR9sal64Aj5Xv8fjUCZzd9rlp4.png','cover',0,'2024-06-28 04:01:00','2024-06-28 04:01:00'),(8,16,'items/16/xZY3JDmrHolt03TnIuxDlqynsE8qh0zGEt3frbnG.png','cover',0,'2024-06-28 04:02:02','2024-06-28 04:02:02'),(9,17,'items/17/d7E2ZeeuB5ulvCsHzPbFNpQ4xODxiL4HEYbbNpfT.png','cover',0,'2024-06-28 04:09:44','2024-06-28 04:09:44'),(10,19,'items/19/NfWPRUwbhilf3lxoKPaF7Rr8IF3mxQgZhB8HqLyw.jpg','cover',0,'2024-07-02 02:43:36','2024-07-02 02:43:54'),(11,20,'items/20/2f4PT1S2RpkAKghtHghsV49iTjPnEU6nr792CN1I.jpg','cover',0,'2024-07-02 02:54:24','2024-07-02 02:54:24'),(12,21,'items/21/elOSxKslpFBNL0wc6Wuc5lDWEKU84J8UYOph1ATD.jpg','cover',0,'2024-07-02 02:59:05','2024-07-02 02:59:05'),(13,22,'items/22/P82hKwE4EmZdpicecbS42OHz1sp7osyG4w5SqRqA.jpg','cover',0,'2024-07-02 03:03:53','2024-07-02 03:03:53'),(14,23,'items/23/cgoq7DOHpFc2gukIYONFBkBvalF5BMnL7OqClmOQ.jpg','cover',0,'2024-07-02 03:14:32','2024-07-02 03:14:32'),(15,24,'items/24/FTvztX2suVuzcaY8mNKjdZB0prf33VfQr4xuIxGG.jpg','cover',0,'2024-07-02 03:18:58','2024-07-02 03:18:58'),(16,25,'items/25/m76G63W4tkl7OTKJe2wzfCRXu5znmKIB2MYzMO7c.jpg','cover',0,'2024-07-02 03:24:20','2024-07-02 03:24:20'),(17,26,'items/26/F4kVI9tbiPBYcNpG6uaSTa7rkLitb9Qd6BKwzSLo.jpg','cover',0,'2024-07-02 03:27:21','2024-07-02 03:27:21'),(18,27,'items/27/8SPjgPqlzn7uNva6u3OD9NstYm5MOvL6DMJDMGs6.png','cover',0,'2024-07-08 03:50:55','2024-07-08 04:13:39'),(19,28,'items/28/RqncLqIiL3wk7MwFxuc6TSaKWALB0JDx5MVR7zPe.webp','cover',0,'2024-07-08 03:52:15','2024-07-08 03:52:15'),(20,29,'items/29/BGoePzPdIyPGOUfrhkSCmEkIZgywRBkpKJpsrXKq.png','cover',0,'2024-07-08 03:54:34','2024-07-08 03:54:34'),(21,30,'items/30/63suzJWPfOWEYUs8H81h1oJ2iBqmMS5FbSHm81WB.png','cover',0,'2024-07-08 03:55:47','2024-07-08 04:11:48'),(22,31,'items/31/BJKXwb5uyeUuCCNuo2A4PNJH2EFhVx9ARF2c9Sr3.png','cover',0,'2024-07-08 03:56:53','2024-07-08 04:13:59'),(23,32,'items/32/7Wi0GL5JJAFkFSiUFxPc5CinA3mJdJhw3zX3Hek1.jpg','cover',0,'2024-10-22 08:22:54','2025-11-03 13:45:12'),(24,34,'items/34/7e1b4M7Ufpk2YwBamqxh3OHbnmvKiKwe4hh4TY1h.jpg','cover',0,'2025-03-09 20:34:31','2025-03-17 16:38:53'),(25,37,'items/37/ocNbcwsP5vPo0cutgLLUlOiWTD51om7ZLQ4HZlao.jpg','cover',0,'2025-06-18 15:07:32','2025-06-18 16:33:07'),(26,38,'items/38/U3XlKtDd2XbwOCGvdSzv3bw6SUW8hj0wTrMCrdvP.jpg','cover',0,'2025-06-18 15:45:36','2025-06-18 15:45:36'),(27,39,'items/39/V8D1tBJBBc7zu264bHb0BNEtYqu3TW9SA44PV4q9.jpg','cover',0,'2025-06-18 15:50:43','2025-06-18 15:56:01'),(28,40,'items/40/n3VAjkEoBImaOqzWARVG5QmEsCgXH5Mbp9akCxCT.jpg','cover',0,'2025-06-18 16:32:31','2025-06-18 16:32:31'),(29,41,'items/41/OxQbwt9xsWIByANCxYc1jyzHDYjeKZWX3oiQDSSi.jpg','cover',0,'2025-06-18 17:50:34','2025-06-18 17:50:34'),(30,42,'items/42/QJ5XINkuiK7gSHEVc2cwXqeWSvzCmgH3yh4KJidi.jpg','cover',0,'2025-06-25 16:23:08','2025-06-25 16:23:08'),(31,43,'items/43/itGYh2U86kV81tWKAl09UUp7d6l1EbbKjml2MzBh.jpg','cover',0,'2025-06-25 16:43:27','2025-06-25 16:43:27'),(32,44,'items/44/9IFsGTNLYl8hD8SoYlShuTnrXiXQpBDrWTR2kjgT.png','cover',0,'2025-09-01 12:46:40','2025-09-01 12:47:23'),(33,45,'items/45/EdVab1MYxeUdeIWXdqFI99JWHsp3jgor3R26XQ5z.jpg','cover',0,'2025-09-01 12:51:21','2025-09-01 12:51:21'),(34,46,'items/46/S0U5L9grOsmbAlBWrLgvmrLs4ERgFeV2f8jgJoLo.jpg','cover',0,'2025-09-01 12:55:59','2025-09-01 12:55:59'),(35,47,'items/47/bVJVUyzFwXttP63QNjV95HhjuOeS69YTMYbXFvql.png','cover',0,'2025-09-01 13:04:14','2025-09-01 13:04:14'),(36,48,'items/48/pnL6QNHH5hLM5eFFHr1Ov9s7bCwxrrn2XwuhWZGv.png','cover',0,'2025-09-01 13:14:14','2025-09-01 13:14:14'),(37,49,'items/49/sh0BKEZoS0uf7LpoAs3zlI1XSRiFcpmzrY7DlBLo.png','cover',0,'2025-09-01 13:17:24','2025-09-01 13:17:24'),(38,50,'items/50/qWwtaVVWvMYsYdw7uUzmC5BdwqTF5Ii1Zl972nAn.jpg','cover',0,'2025-09-01 13:22:54','2025-09-01 13:23:34'),(39,51,'items/51/FdAOyUfYpfuiFquEkBTDn7yIHx6vuuCceeCLA7fq.jpg','cover',0,'2025-09-01 13:28:20','2025-09-01 13:28:20'),(40,52,'items/52/I3jW0D2LPLHwq3P7P50F6d04a2oxqsDRz0Us3goN.jpg','cover',0,'2025-09-01 13:46:08','2025-09-01 13:46:08'),(41,53,'items/53/zLcIWg20qCJGpsO8CmYDOvln3HmxmwZIHPTvSW7r.jpg','cover',0,'2025-09-01 13:47:44','2025-09-01 13:47:44'),(42,54,'items/54/V8Y8GAMhvAYIXq9kCKvXgFrudMHhp8lbqu4eqxGO.jpg','cover',0,'2025-09-08 13:02:48','2025-09-08 13:02:48'),(43,55,'items/55/j3CEYKSKM6GQDjedxxTZrMlsEzxv3Z6WL5qeSkaC.jpg','cover',0,'2025-09-08 13:05:47','2025-09-08 13:06:27'),(44,56,'items/56/AMGWz2vd6bXhHzeAYai8ZRoo61BQJw1HQwxaNCZw.jpg','cover',0,'2025-09-08 13:19:18','2025-09-08 13:19:18'),(45,57,'items/57/SVz9RP4AbyXd9QiS1Ye4TeVMBhv3fIsdzI5R8EhX.jpg','cover',0,'2025-09-08 13:23:45','2025-09-08 13:23:45'),(46,58,'items/58/P8Hyl9UsnIoFRCuFMciDz8ONbb6XBQpub6OnMJoZ.jpg','cover',0,'2025-09-08 13:50:15','2025-09-08 13:50:15'),(47,59,'items/59/WhOlYxBcQCoBlej6uC76bckp2kv1qIrzEDpHjKtr.jpg','cover',0,'2025-09-22 14:23:04','2025-09-22 14:23:04'),(48,60,'items/60/YgOIooTmIGcyMM6QEgWZFBjCdZJUAVszGYLekTnz.jpg','cover',0,'2025-09-22 14:25:41','2025-09-22 14:25:41'),(49,61,'items/61/gtbT88vXBmF8IK6ltd6QjuW0FAARn5PqKQUYbWX9.jpg','cover',0,'2025-09-22 14:27:29','2025-09-22 14:27:29'),(50,62,'items/62/kx67AF51IK5HOX5UaCWLfgXpPAtyl8K6YxjlVjx9.jpg','cover',0,'2025-09-22 14:33:07','2025-09-22 14:33:07'),(51,63,'items/63/st6A8afwolSl9L0ifAQMo8PX7pnxzedmNwf0IwVn.jpg','cover',0,'2025-09-22 14:34:16','2025-09-22 14:34:16'),(52,64,'items/64/RT5Lfxp5pX7zJLMvivY3VQuBhIXgR4YIJxBd2MY3.jpg','cover',0,'2025-11-03 13:05:09','2025-11-03 13:05:09'),(53,65,'items/65/NQAXg8UDH199Sz9x3wfmMDivHEfvsx57Zg1P0frH.jpg','cover',0,'2025-11-03 13:07:47','2025-11-03 13:08:08'),(54,66,'items/66/HXLHXELKLKSPoOCceUtkDlSVXcMfvSQtEGtVH2bm.jpg','cover',0,'2025-11-03 13:12:32','2025-11-03 13:12:32'),(55,67,'items/67/6RIWze9nJdCmFEgVB3pSuS5xLW8x144YGRDGkGcm.jpg','cover',0,'2025-11-03 13:13:47','2025-11-03 13:13:47'),(56,68,'items/68/DcZd3N6aCxlOzEW92zCeMJJLcszxJBAt6SQM1zZm.jpg','cover',0,'2025-11-03 13:46:39','2025-11-03 13:46:39'),(57,69,'items/69/lYpsQ1PFZqr1PEe05mnsh2kfok8gYlKJRPiZlr66.jpg','cover',0,'2025-11-03 13:48:14','2025-11-03 13:48:47'),(58,70,'items/70/LYEw5fzKpUyidgJ2wUO1d2zHLpo6YkT1t2QRmsqD.jpg','cover',0,'2025-11-03 13:49:43','2025-11-03 13:49:43'),(59,71,'items/71/DOhc7GTU3espokOfdQ2qvagXnBIMQJmXaRcCsady.jpg','cover',0,'2025-11-03 13:50:48','2025-11-03 13:51:16');

CREATE TABLE `tags` (
  `id` bigint unsigned NOT NULL AUTO_INCREMENT,
  `validation` tinyint(1) NOT NULL DEFAULT '0',
  `tag_category_id` bigint unsigned DEFAULT NULL,
  `created_at` timestamp NULL DEFAULT NULL,
  `updated_at` timestamp NULL DEFAULT NULL,
  PRIMARY KEY (`id`),
  KEY `tags_tag_category_id_foreign` (`tag_category_id`),
  CONSTRAINT `tags_tag_category_id_foreign` FOREIGN KEY (`tag_category_id`) REFERENCES `tag_categories` (`id`) ON DELETE SET NULL
) ENGINE=InnoDB DEFAULT CHARSET=utf8mb4 COLLATE=utf8mb4_unicode_ci;

CREATE TABLE `tag_translations` (
  `id` bigint unsigned NOT NULL AUTO_INCREMENT,
  `tag_id` bigint unsigned NOT NULL,
  `language_id` bigint unsigned NOT NULL,
  `name` text NOT NULL,
  `created_at` timestamp NULL DEFAULT NULL,
  `updated_at` timestamp NULL DEFAULT NULL,
  PRIMARY KEY (`id`),
  UNIQUE KEY `tag_translations_tag_id_language_id_unique` (`tag_id`,`language_id`),
  KEY `tag_translations_language_id_foreign` (`language_id`),
  CONSTRAINT `tag_translations_tag_id_foreign` FOREIGN KEY (`tag_id`) REFERENCES `tags` (`id`) ON DELETE CASCADE,
  CONSTRAINT `tag_translations_language_id_foreign` FOREIGN KEY (`language_id`) REFERENCES `languages` (`id`) ON DELETE CASCADE
) ENGINE=InnoDB DEFAULT CHARSET=utf8mb4 COLLATE=utf8mb4_unicode_ci;

CREATE TABLE `item_tag` (
  `id` bigint unsigned NOT NULL AUTO_INCREMENT,
  `tag_id` bigint unsigned DEFAULT NULL,
  `item_id` bigint unsigned DEFAULT NULL,
  `validation` tinyint(1) NOT NULL DEFAULT '0',
  `created_at` timestamp NULL DEFAULT NULL,
  `updated_at` timestamp NULL DEFAULT NULL,
  PRIMARY KEY (`id`),
  KEY `item_tag_tag_id_foreign` (`tag_id`),
  KEY `item_tag_item_id_foreign` (`item_id`),
  CONSTRAINT `item_tag_item_id_foreign` FOREIGN KEY (`item_id`) REFERENCES `items` (`id`) ON DELETE SET NULL,
  CONSTRAINT `item_tag_tag_id_foreign` FOREIGN KEY (`tag_id`) REFERENCES `tags` (`id`) ON DELETE SET NULL
) ENGINE=InnoDB DEFAULT CHARSET=utf8mb4 COLLATE=utf8mb4_unicode_ci;

INSERT INTO `tags` VALUES
(1,1,1,'2024-06-27 19:40:19','2024-06-27 19:40:19'),
(2,1,1,'2024-06-27 19:40:36','2024-06-27 19:40:36'),
(3,1,1,'2024-06-28 03:32:00','2024-06-28 03:32:00'),
(4,1,2,'2024-06-28 03:32:17','2024-06-28 03:32:17'),
(5,1,1,'2024-06-28 03:36:59','2024-06-28 03:36:59'),
(6,1,1,'2024-06-28 03:42:48','2024-06-28 03:42:48'),
(7,1,2,'2024-06-28 03:46:33','2024-06-28 03:46:33'),
(8,1,1,'2024-06-28 03:57:53','2024-06-28 03:57:53'),
(9,1,1,'2024-06-28 03:59:42','2024-06-28 03:59:42'),
(10,1,1,'2024-06-28 04:01:08','2024-06-28 04:01:08'),
(11,1,1,'2024-06-28 04:02:24','2024-06-28 04:02:24'),
(12,1,1,'2024-06-28 04:09:57','2024-06-28 04:09:57'),
(13,1,1,'2024-07-02 02:44:10','2024-07-02 02:44:10'),
(14,1,1,'2024-07-02 02:54:54','2024-07-02 02:54:54'),
(15,1,1,'2024-07-02 03:15:12','2024-07-02 03:15:12'),
(16,1,1,'2024-07-02 03:19:34','2024-07-02 03:19:34'),
(17,1,1,'2024-07-02 03:24:56','2024-07-02 03:24:56'),
(18,1,2,'2024-07-08 03:57:34','2024-07-08 03:57:34'),
(19,0,1,'2025-03-09 20:34:31','2025-03-09 20:34:31');

INSERT INTO `tag_translations` VALUES
(1,1,1,'Dell','2024-06-27 19:40:19','2024-06-27 19:40:19'),
(2,2,1,'Samsung','2024-06-27 19:40:36','2024-06-27 19:40:36'),
(3,3,1,'Satellite','2024-06-28 03:32:00','2024-06-28 03:32:00'),
(4,4,1,'AK','2024-06-28 03:32:17','2024-06-28 03:32:17'),
(5,5,1,'Western Digital','2024-06-28 03:36:59','2024-06-28 03:36:59'),
(6,6,1,'MSI','2024-06-28 03:42:48','2024-06-28 03:42:48'),
(7,7,1,'ms-7309','2024-06-28 03:46:33','2024-06-28 03:46:33'),
(8,8,1,'IBM','2024-06-28 03:57:53','2024-06-28 03:57:53'),
(9,9,1,'Rima','2024-06-28 03:59:42','2024-06-28 03:59:42'),
(10,10,1,'Panasonic','2024-06-28 04:01:08','2024-06-28 04:01:08'),
(11,11,1,'Philco','2024-06-28 04:02:24','2024-06-28 04:02:24'),
(12,12,1,'Logitech','2024-06-28 04:09:57','2024-06-28 04:09:57'),
(13,13,1,'Epson','2024-07-02 02:44:10','2024-07-02 02:44:10'),
(14,14,1,'Intel','2024-07-02 02:54:54','2024-07-02 02:54:54'),
(15,15,1,'Gigabyte','2024-07-02 03:15:12','2024-07-02 03:15:12'),
(16,16,1,'NVIDIA','2024-07-02 03:19:34','2024-07-02 03:19:34'),
(17,17,1,'D-Link','2024-07-02 03:24:56','2024-07-02 03:24:56'),
(18,18,1,'Celeron','2024-07-08 03:57:34','2024-07-08 03:57:34'),
(19,19,1,'ACER','2025-03-09 20:34:31','2025-03-09 20:34:31');

INSERT INTO `item_tag` VALUES (3,3,9,1,'2024-06-28 03:43:41','2024-06-28 03:43:41'),(4,4,9,1,'2024-06-28 03:45:13','2024-06-28 03:45:15'),(5,5,10,1,'2024-06-28 03:46:10','2024-06-28 03:46:10'),(6,6,11,1,'2024-06-28 03:53:01','2024-06-28 03:53:01'),(7,7,11,1,'2024-06-28 03:53:16','2024-06-28 03:53:16'),(8,8,13,1,'2024-06-28 03:58:00','2024-06-28 03:58:00'),(9,9,14,1,'2024-06-28 03:59:50','2024-06-28 03:59:50'),(10,10,15,1,'2024-06-28 04:01:18','2024-06-28 04:01:18'),(11,11,16,1,'2024-06-28 04:06:23','2024-06-28 04:06:23'),(12,12,17,1,'2024-06-28 04:10:16','2024-06-28 04:10:16'),(14,13,19,1,'2024-07-02 02:44:21','2024-07-02 02:44:21'),(15,14,20,1,'2024-07-02 02:55:02','2024-07-02 02:55:02'),(16,2,21,1,'2024-07-02 02:59:21','2024-07-02 02:59:21'),(17,15,23,1,'2024-07-02 03:15:26','2024-07-02 03:15:26'),(18,16,24,1,'2024-07-02 03:19:43','2024-07-02 03:19:43'),(19,17,25,1,'2024-07-02 03:25:04','2024-07-02 03:25:04'),(20,18,31,1,'2024-07-08 03:57:44','2024-07-08 03:57:44'),(21,18,30,1,'2024-07-08 03:57:52','2024-07-08 03:57:52'),(22,18,29,1,'2024-07-08 03:58:00','2024-07-08 03:58:00'),(23,18,28,1,'2024-07-08 03:58:07','2024-07-08 03:58:07'),(24,18,27,1,'2024-07-08 03:58:15','2024-07-08 03:58:15'),(25,19,34,0,NULL,NULL),(26,19,34,1,'2025-03-17 16:39:27','2025-03-17 16:39:27');

CREATE TABLE `extras` (
  `id` bigint unsigned NOT NULL AUTO_INCREMENT,
  `item_id` bigint unsigned DEFAULT NULL,
  `collaborator_id` bigint unsigned DEFAULT NULL,
  `validation` tinyint(1) NOT NULL DEFAULT '0',
  `created_at` timestamp NULL DEFAULT NULL,
  `updated_at` timestamp NULL DEFAULT NULL,
  PRIMARY KEY (`id`),
  KEY `extras_item_id_foreign` (`item_id`),
  KEY `extras_collaborator_id_foreign` (`collaborator_id`),
  CONSTRAINT `extras_collaborator_id_foreign` FOREIGN KEY (`collaborator_id`) REFERENCES `collaborators` (`id`) ON DELETE SET NULL,
  CONSTRAINT `extras_item_id_foreign` FOREIGN KEY (`item_id`) REFERENCES `items` (`id`) ON DELETE SET NULL
) ENGINE=InnoDB DEFAULT CHARSET=utf8mb4 COLLATE=utf8mb4_unicode_ci;

CREATE TABLE `extra_translations` (
  `id` bigint unsigned NOT NULL AUTO_INCREMENT,
  `extra_id` bigint unsigned NOT NULL,
  `language_id` bigint unsigned NOT NULL,
  `info` text NOT NULL,
  `created_at` timestamp NULL DEFAULT NULL,
  `updated_at` timestamp NULL DEFAULT NULL,
  PRIMARY KEY (`id`),
  UNIQUE KEY `extra_translations_extra_id_language_id_unique` (`extra_id`,`language_id`),
  KEY `extra_translations_language_id_foreign` (`language_id`),
  CONSTRAINT `extra_translations_extra_id_foreign` FOREIGN KEY (`extra_id`) REFERENCES `extras` (`id`) ON DELETE CASCADE,
  CONSTRAINT `extra_translations_language_id_foreign` FOREIGN KEY (`language_id`) REFERENCES `languages` (`id`) ON DELETE CASCADE
) ENGINE=InnoDB DEFAULT CHARSET=utf8mb4 COLLATE=utf8mb4_unicode_ci;

INSERT INTO `extras` VALUES
(5,17,2,1,'2025-07-09 20:54:49','2025-07-09 20:55:26');

INSERT INTO `extra_translations` VALUES
(1,5,2,'Doado para o projeto em 2024.','2025-07-09 20:54:49','2025-07-09 20:55:26'),
(2,5,3,'Donated to the project in 2024.','2025-07-09 20:54:49','2025-07-09 20:55:26');

CREATE TABLE `item_component` (
  `id` bigint unsigned NOT NULL AUTO_INCREMENT,
  `item_id` bigint unsigned DEFAULT NULL,
  `component_id` bigint unsigned DEFAULT NULL,
  `validation` tinyint(1) NOT NULL DEFAULT '0',
  `created_at` timestamp NULL DEFAULT NULL,
  `updated_at` timestamp NULL DEFAULT NULL,
  PRIMARY KEY (`id`),
  KEY `item_component_item_id_foreign` (`item_id`),
  KEY `item_component_component_id_foreign` (`component_id`),
  CONSTRAINT `item_component_component_id_foreign` FOREIGN KEY (`component_id`) REFERENCES `items` (`id`) ON DELETE SET NULL,
  CONSTRAINT `item_component_item_id_foreign` FOREIGN KEY (`item_id`) REFERENCES `items` (`id`) ON DELETE SET NULL
) ENGINE=InnoDB DEFAULT CHARSET=utf8mb4 COLLATE=utf8mb4_unicode_ci;

CREATE TABLE `locks` (
  `id` bigint unsigned NOT NULL AUTO_INCREMENT,
  `lockable_type` varchar(255) NOT NULL,
  `lockable_id` bigint unsigned NOT NULL,
  `admin_id` bigint unsigned DEFAULT NULL,
  `expiry_date` timestamp NULL DEFAULT NULL,
  `created_at` timestamp NULL DEFAULT NULL,
  `updated_at` timestamp NULL DEFAULT NULL,
  PRIMARY KEY (`id`),
  KEY `locks_lockable_type_lockable_id_index` (`lockable_type`,`lockable_id`),
  KEY `locks_admin_id_foreign` (`admin_id`),
  CONSTRAINT `locks_admin_id_foreign` FOREIGN KEY (`admin_id`) REFERENCES `admins` (`id`) ON DELETE SET NULL
) ENGINE=InnoDB DEFAULT CHARSET=utf8mb4 COLLATE=utf8mb4_unicode_ci;

INSERT INTO `locks` VALUES (49,'App\\Models\\Collaborator',9,5,'2026-02-08 15:06:36','2026-02-08 14:06:36','2026-02-08 14:06:36');

CREATE TABLE `migrations` (
  `id` int unsigned NOT NULL AUTO_INCREMENT,
  `migration` varchar(255) NOT NULL,
  `batch` int NOT NULL,
  PRIMARY KEY (`id`)
) ENGINE=InnoDB DEFAULT CHARSET=utf8mb4 COLLATE=utf8mb4_unicode_ci;

INSERT INTO `migrations` VALUES
(1,'2026_03_29_000000_create_languages_table',1),
(2,'2026_03_29_000001_create_admins_table',1),
(3,'2026_03_29_000002_create_collaborators_table',1),
(4,'2026_03_29_000003_create_item_categories_table',1),
(5,'2026_03_29_000004_create_item_category_translations_table',1),
(6,'2026_03_29_000005_create_tag_categories_table',1),
(7,'2026_03_29_000006_create_tag_category_translations_table',1),
(8,'2026_03_29_000007_create_items_table',1),
(9,'2026_03_29_000008_create_item_translations_table',1),
(10,'2026_03_29_000009_create_tags_table',1),
(11,'2026_03_29_000010_create_tag_translations_table',1),
(12,'2026_03_29_000011_create_item_tag_table',1),
(13,'2026_03_29_000012_create_extras_table',1),
(14,'2026_03_29_000013_create_extra_translations_table',1),
(15,'2026_03_29_000014_create_locks_table',1),
(16,'2026_03_29_000015_create_item_component_table',1),
(17,'2026_03_29_100000_create_item_images_table',1);

SET FOREIGN_KEY_CHECKS=1;
